well_id,operator,formation,prod_date,months_on_prod,oil_bopd,gas_mscfd,water_bwpd,water_cut_pct,gor_scf_bbl,flowing_wellhead_pressure_psi,Di_mensual,b_factor,cumulative_oil_bbl
WL-001,TotalEnergies,Organico,2021-10-16,1,954.4,1852.7,706.8,42.5,1941.0,2134.0,0.06,1.2,28632.0
WL-001,TotalEnergies,Organico,2021-11-15,2,904.1,2158.5,370.1,29.0,2387.0,2070.0,0.06,1.2,55755.0
WL-001,TotalEnergies,Organico,2021-12-15,3,859.3,1477.5,528.4,38.1,1719.0,2008.0,0.06,1.2,81534.0
WL-001,TotalEnergies,Organico,2022-01-14,4,819.0,1105.0,323.8,28.3,1349.0,1948.0,0.06,1.2,106104.0
WL-001,TotalEnergies,Organico,2022-02-13,5,782.7,1651.2,504.6,39.2,2109.0,1889.0,0.06,1.2,129585.0
WL-001,TotalEnergies,Organico,2022-03-15,6,749.8,900.1,300.4,28.6,1200.0,1833.0,0.06,1.2,152079.0
WL-001,TotalEnergies,Organico,2022-04-14,7,719.8,882.4,350.9,32.8,1226.0,1778.0,0.06,1.2,173673.0
WL-001,TotalEnergies,Organico,2022-05-14,8,692.3,1159.6,540.3,43.8,1675.0,1724.0,0.06,1.2,194442.0
WL-001,TotalEnergies,Organico,2022-06-13,9,667.0,1265.3,74.1,10.0,1897.0,1673.0,0.06,1.2,214452.0
WL-001,TotalEnergies,Organico,2022-07-13,10,643.6,952.5,232.7,26.6,1480.0,1622.0,0.06,1.2,233760.0
WL-001,TotalEnergies,Organico,2022-08-12,11,622.0,876.2,417.4,40.2,1409.0,1574.0,0.06,1.2,252420.0
WL-001,TotalEnergies,Organico,2022-09-11,12,601.9,833.2,454.2,43.0,1384.0,1526.0,0.06,1.2,270477.0
WL-001,TotalEnergies,Organico,2022-10-11,13,583.2,956.3,258.4,30.7,1640.0,1481.0,0.06,1.2,287973.0
WL-001,TotalEnergies,Organico,2022-11-10,14,565.7,1044.8,256.9,31.2,1847.0,1436.0,0.06,1.2,304944.0
WL-001,TotalEnergies,Organico,2022-12-10,15,549.4,678.4,165.9,23.2,1235.0,1393.0,0.06,1.2,321426.0
WL-001,TotalEnergies,Organico,2023-01-09,16,534.0,1241.5,210.7,28.3,2325.0,1351.0,0.06,1.2,337446.0
WL-001,TotalEnergies,Organico,2023-02-08,17,519.5,1179.0,159.6,23.5,2269.0,1311.0,0.06,1.2,353031.0
WL-001,TotalEnergies,Organico,2023-03-10,18,505.9,1130.7,324.6,39.1,2235.0,1271.0,0.06,1.2,368208.0
WL-001,TotalEnergies,Organico,2023-04-09,19,493.1,956.0,115.3,19.0,1939.0,1233.0,0.06,1.2,383001.0
WL-001,TotalEnergies,Organico,2023-05-09,20,480.9,1182.1,177.2,26.9,2458.0,1196.0,0.06,1.2,397428.0
WL-001,TotalEnergies,Organico,2023-06-08,21,469.4,769.6,156.7,25.0,1639.0,1160.0,0.06,1.2,411510.0
WL-001,TotalEnergies,Organico,2023-07-08,22,458.5,820.1,71.5,13.5,1789.0,1126.0,0.06,1.2,425265.0
WL-001,TotalEnergies,Organico,2023-08-07,23,448.1,1082.5,286.9,39.0,2416.0,1092.0,0.06,1.2,438708.0
WL-001,TotalEnergies,Organico,2023-09-06,24,438.2,625.8,112.3,20.4,1428.0,1059.0,0.06,1.2,451854.0
WL-002,TotalEnergies,Loma Amarilla,2019-01-18,1,433.8,556.9,165.8,27.7,1284.0,2134.0,0.08,1.2,13014.0
WL-002,TotalEnergies,Loma Amarilla,2019-02-17,2,404.4,953.6,185.0,31.4,2358.0,2070.0,0.08,1.2,25146.0
WL-002,TotalEnergies,Loma Amarilla,2019-03-19,3,379.2,926.9,89.0,19.0,2445.0,2008.0,0.08,1.2,36522.0
WL-002,TotalEnergies,Loma Amarilla,2019-04-18,4,357.1,523.9,115.1,24.4,1467.0,1948.0,0.08,1.2,47235.0
WL-002,TotalEnergies,Loma Amarilla,2019-05-18,5,337.7,633.0,50.4,13.0,1874.0,1889.0,0.08,1.2,57366.0
WL-002,TotalEnergies,Loma Amarilla,2019-06-17,6,320.5,711.7,239.5,42.8,2221.0,1833.0,0.08,1.2,66981.0
WL-002,TotalEnergies,Loma Amarilla,2019-07-17,7,305.1,408.4,43.6,12.5,1339.0,1778.0,0.08,1.2,76134.0
WL-002,TotalEnergies,Loma Amarilla,2019-08-16,8,291.2,651.3,148.1,33.7,2237.0,1724.0,0.08,1.2,84870.0
WL-002,TotalEnergies,Loma Amarilla,2019-09-15,9,278.6,541.8,78.0,21.9,1944.0,1673.0,0.08,1.2,93228.0
WL-002,TotalEnergies,Loma Amarilla,2019-10-15,10,267.2,583.0,197.3,42.5,2182.0,1622.0,0.08,1.2,101244.0
WL-002,TotalEnergies,Loma Amarilla,2019-11-14,11,256.8,327.0,145.4,36.2,1273.0,1574.0,0.08,1.2,108948.0
WL-002,TotalEnergies,Loma Amarilla,2019-12-14,12,247.2,343.7,38.8,13.6,1390.0,1526.0,0.08,1.2,116364.0
WL-002,TotalEnergies,Loma Amarilla,2020-01-13,13,238.4,520.6,182.3,43.3,2184.0,1481.0,0.08,1.2,123516.0
WL-002,TotalEnergies,Loma Amarilla,2020-02-12,14,230.2,352.5,173.5,43.0,1531.0,1436.0,0.08,1.2,130422.0
WL-002,TotalEnergies,Loma Amarilla,2020-03-13,15,222.6,496.2,100.9,31.2,2229.0,1393.0,0.08,1.2,137100.0
WL-002,TotalEnergies,Loma Amarilla,2020-04-12,16,215.6,405.9,91.7,29.8,1883.0,1351.0,0.08,1.2,143568.0
WL-002,TotalEnergies,Loma Amarilla,2020-05-12,17,209.0,332.8,113.9,35.3,1592.0,1311.0,0.08,1.2,149838.0
WL-002,TotalEnergies,Loma Amarilla,2020-06-11,18,202.9,462.1,89.4,30.6,2278.0,1271.0,0.08,1.2,155925.0
WL-002,TotalEnergies,Loma Amarilla,2020-07-11,19,197.1,387.5,155.4,44.1,1966.0,1233.0,0.08,1.2,161838.0
WL-002,TotalEnergies,Loma Amarilla,2020-08-10,20,191.7,320.5,86.2,31.0,1672.0,1196.0,0.08,1.2,167589.0
WL-002,TotalEnergies,Loma Amarilla,2020-09-09,21,186.6,380.1,33.3,15.1,2037.0,1160.0,0.08,1.2,173187.0
WL-002,TotalEnergies,Loma Amarilla,2020-10-09,22,181.8,432.1,85.1,31.9,2377.0,1126.0,0.08,1.2,178641.0
WL-002,TotalEnergies,Loma Amarilla,2020-11-08,23,177.2,293.0,140.0,44.1,1653.0,1092.0,0.08,1.2,183957.0
WL-002,TotalEnergies,Loma Amarilla,2020-12-08,24,172.9,254.1,91.9,34.7,1469.0,1059.0,0.08,1.2,189144.0
WL-003,TotalEnergies,La Cocina,2018-05-20,1,596.6,1118.4,182.2,23.4,1875.0,2134.0,0.12,1.2,17898.0
WL-003,TotalEnergies,La Cocina,2018-06-19,2,540.5,1320.8,161.4,23.0,2444.0,2070.0,0.12,1.2,34113.0
WL-003,TotalEnergies,La Cocina,2018-07-19,3,494.8,1120.9,158.6,24.3,2265.0,2008.0,0.12,1.2,48957.0
WL-003,TotalEnergies,La Cocina,2018-08-18,4,456.8,665.7,49.1,9.7,1457.0,1948.0,0.12,1.2,62661.0
WL-003,TotalEnergies,La Cocina,2018-09-17,5,424.7,576.0,159.5,27.3,1356.0,1889.0,0.12,1.2,75402.0
WL-003,TotalEnergies,La Cocina,2018-10-17,6,397.2,499.5,278.5,41.2,1258.0,1833.0,0.12,1.2,87318.0
WL-003,TotalEnergies,La Cocina,2018-11-16,7,373.3,806.8,163.2,30.4,2161.0,1778.0,0.12,1.2,98517.0
WL-003,TotalEnergies,La Cocina,2018-12-16,8,352.4,550.2,274.0,43.7,1561.0,1724.0,0.12,1.2,109089.0
WL-003,TotalEnergies,La Cocina,2019-01-15,9,333.9,625.5,237.2,41.5,1874.0,1673.0,0.12,1.2,119106.0
WL-003,TotalEnergies,La Cocina,2019-02-14,10,317.3,405.3,89.8,22.1,1277.0,1622.0,0.12,1.2,128625.0
WL-003,TotalEnergies,La Cocina,2019-03-16,11,302.5,480.4,219.6,42.1,1588.0,1574.0,0.12,1.2,137700.0
WL-003,TotalEnergies,La Cocina,2019-04-15,12,289.2,719.7,94.7,24.7,2489.0,1526.0,0.12,1.2,146376.0
WL-003,TotalEnergies,La Cocina,2019-05-15,13,277.0,441.9,105.1,27.5,1595.0,1481.0,0.12,1.2,154686.0
WL-003,TotalEnergies,La Cocina,2019-06-14,14,266.0,524.4,37.2,12.3,1972.0,1436.0,0.12,1.2,162666.0
WL-003,TotalEnergies,La Cocina,2019-07-14,15,255.8,472.4,201.7,44.1,1847.0,1393.0,0.12,1.2,170340.0
WL-003,TotalEnergies,La Cocina,2019-08-13,16,246.5,528.7,127.5,34.1,2145.0,1351.0,0.12,1.2,177735.0
WL-003,TotalEnergies,La Cocina,2019-09-12,17,237.9,511.4,83.5,26.0,2150.0,1311.0,0.12,1.2,184872.0
WL-003,TotalEnergies,La Cocina,2019-10-12,18,229.9,351.6,169.0,42.4,1529.0,1271.0,0.12,1.2,191769.0
WL-003,TotalEnergies,La Cocina,2019-11-11,19,222.5,267.9,124.3,35.8,1204.0,1233.0,0.12,1.2,198444.0
WL-003,TotalEnergies,La Cocina,2019-12-11,20,215.6,390.5,48.0,18.2,1811.0,1196.0,0.12,1.2,204912.0
WL-003,TotalEnergies,La Cocina,2020-01-10,21,209.2,494.0,138.8,39.9,2362.0,1160.0,0.12,1.2,211188.0
WL-003,TotalEnergies,La Cocina,2020-02-09,22,203.1,470.0,130.1,39.0,2314.0,1126.0,0.12,1.2,217281.0
WL-003,TotalEnergies,La Cocina,2020-03-10,23,197.5,316.6,108.6,35.5,1603.0,1092.0,0.12,1.2,223206.0
WL-003,TotalEnergies,La Cocina,2020-04-09,24,192.1,430.4,136.5,41.5,2240.0,1059.0,0.12,1.2,228969.0
WL-004,TotalEnergies,La Cocina,2021-08-30,1,444.6,1048.8,133.1,23.0,2359.0,2134.0,0.12,1.2,13338.0
WL-004,TotalEnergies,La Cocina,2021-09-29,2,402.8,639.9,263.6,39.6,1589.0,2070.0,0.12,1.2,25422.0
WL-004,TotalEnergies,La Cocina,2021-10-29,3,368.7,598.0,260.1,41.4,1622.0,2008.0,0.12,1.2,36483.0
WL-004,TotalEnergies,La Cocina,2021-11-28,4,340.4,606.6,164.7,32.6,1782.0,1948.0,0.12,1.2,46695.0
WL-004,TotalEnergies,La Cocina,2021-12-28,5,316.5,526.8,56.5,15.1,1664.0,1889.0,0.12,1.2,56190.0
WL-004,TotalEnergies,La Cocina,2022-01-27,6,296.0,409.8,121.8,29.2,1384.0,1833.0,0.12,1.2,65070.0
WL-004,TotalEnergies,La Cocina,2022-02-26,7,278.2,598.6,117.4,29.7,2152.0,1778.0,0.12,1.2,73416.0
WL-004,TotalEnergies,La Cocina,2022-03-28,8,262.6,517.5,88.2,25.1,1971.0,1724.0,0.12,1.2,81294.0
WL-004,TotalEnergies,La Cocina,2022-04-27,9,248.8,445.5,57.5,18.8,1791.0,1673.0,0.12,1.2,88758.0
WL-004,TotalEnergies,La Cocina,2022-05-27,10,236.5,409.5,45.5,16.1,1731.0,1622.0,0.12,1.2,95853.0
WL-004,TotalEnergies,La Cocina,2022-06-26,11,225.5,281.4,35.5,13.6,1248.0,1574.0,0.12,1.2,102618.0
WL-004,TotalEnergies,La Cocina,2022-07-26,12,215.5,318.4,103.8,32.5,1477.0,1526.0,0.12,1.2,109083.0
WL-004,TotalEnergies,La Cocina,2022-08-25,13,206.5,423.6,105.7,33.9,2052.0,1481.0,0.12,1.2,115278.0
WL-004,TotalEnergies,La Cocina,2022-09-24,14,198.2,386.0,66.3,25.1,1947.0,1436.0,0.12,1.2,121224.0
WL-004,TotalEnergies,La Cocina,2022-10-24,15,190.7,323.1,72.7,27.6,1695.0,1393.0,0.12,1.2,126945.0
WL-004,TotalEnergies,La Cocina,2022-11-23,16,183.7,382.7,37.2,16.8,2083.0,1351.0,0.12,1.2,132456.0
WL-004,TotalEnergies,La Cocina,2022-12-23,17,177.3,394.5,22.4,11.2,2225.0,1311.0,0.12,1.2,137775.0
WL-004,TotalEnergies,La Cocina,2023-01-22,18,171.3,342.3,35.4,17.1,1998.0,1271.0,0.12,1.2,142914.0
WL-004,TotalEnergies,La Cocina,2023-02-21,19,165.8,365.4,47.1,22.1,2204.0,1233.0,0.12,1.2,147888.0
WL-004,TotalEnergies,La Cocina,2023-03-23,20,160.7,354.1,48.4,23.1,2204.0,1196.0,0.12,1.2,152709.0
WL-004,TotalEnergies,La Cocina,2023-04-22,21,155.9,319.1,119.3,43.4,2047.0,1160.0,0.12,1.2,157386.0
WL-004,TotalEnergies,La Cocina,2023-05-22,22,151.4,362.4,32.6,17.7,2394.0,1126.0,0.12,1.2,161928.0
WL-004,TotalEnergies,La Cocina,2023-06-21,23,147.1,241.2,24.0,14.0,1639.0,1092.0,0.12,1.2,166341.0
WL-004,TotalEnergies,La Cocina,2023-07-21,24,143.2,300.8,82.5,36.6,2101.0,1059.0,0.12,1.2,170637.0
WL-005,Repsol,Organico,2020-08-28,1,837.9,2052.1,149.7,15.2,2449.0,2134.0,0.06,1.2,25137.0
WL-005,Repsol,Organico,2020-09-27,2,793.8,1128.2,104.8,11.7,1421.0,2070.0,0.06,1.2,48951.0
WL-005,Repsol,Organico,2020-10-27,3,754.4,1036.8,507.0,40.2,1374.0,2008.0,0.06,1.2,71583.0
WL-005,Repsol,Organico,2020-11-26,4,719.1,1317.9,276.4,27.8,1833.0,1948.0,0.06,1.2,93156.0
WL-005,Repsol,Organico,2020-12-26,5,687.2,1717.2,147.5,17.7,2499.0,1889.0,0.06,1.2,113772.0
WL-005,Repsol,Organico,2021-01-25,6,658.3,1208.8,110.7,14.4,1836.0,1833.0,0.06,1.2,133521.0
WL-005,Repsol,Organico,2021-02-24,7,631.9,981.3,360.1,36.3,1553.0,1778.0,0.06,1.2,152478.0
WL-005,Repsol,Organico,2021-03-26,8,607.8,900.1,318.2,34.4,1481.0,1724.0,0.06,1.2,170712.0
WL-005,Repsol,Organico,2021-04-25,9,585.6,1119.0,130.6,18.2,1911.0,1673.0,0.06,1.2,188280.0
WL-005,Repsol,Organico,2021-05-25,10,565.1,1229.0,318.2,36.0,2175.0,1622.0,0.06,1.2,205233.0
WL-005,Repsol,Organico,2021-06-24,11,546.1,1209.8,63.9,10.5,2215.0,1574.0,0.06,1.2,221616.0
WL-005,Repsol,Organico,2021-07-24,12,528.5,680.6,177.4,25.1,1288.0,1526.0,0.06,1.2,237471.0
WL-005,Repsol,Organico,2021-08-23,13,512.0,726.8,357.3,41.1,1419.0,1481.0,0.06,1.2,252831.0
WL-005,Repsol,Organico,2021-09-22,14,496.7,692.2,147.9,22.9,1394.0,1436.0,0.06,1.2,267732.0
WL-005,Repsol,Organico,2021-10-22,15,482.3,854.1,201.2,29.4,1771.0,1393.0,0.06,1.2,282201.0
WL-005,Repsol,Organico,2021-11-21,16,468.8,1138.3,303.3,39.3,2428.0,1351.0,0.06,1.2,296265.0
WL-005,Repsol,Organico,2021-12-21,17,456.1,1130.5,215.8,32.1,2478.0,1311.0,0.06,1.2,309948.0
WL-005,Repsol,Organico,2022-01-20,18,444.2,816.9,349.0,44.0,1839.0,1271.0,0.06,1.2,323274.0
WL-005,Repsol,Organico,2022-02-19,19,432.9,951.5,257.3,37.3,2198.0,1233.0,0.06,1.2,336261.0
WL-005,Repsol,Organico,2022-03-21,20,422.2,701.8,111.8,20.9,1662.0,1196.0,0.06,1.2,348927.0
WL-005,Repsol,Organico,2022-04-20,21,412.1,495.4,95.8,18.9,1202.0,1160.0,0.06,1.2,361290.0
WL-005,Repsol,Organico,2022-05-20,22,402.5,892.7,255.1,38.8,2218.0,1126.0,0.06,1.2,373365.0
WL-005,Repsol,Organico,2022-06-19,23,393.4,505.4,61.9,13.6,1285.0,1092.0,0.06,1.2,385167.0
WL-005,Repsol,Organico,2022-07-19,24,384.7,832.2,252.9,39.7,2163.0,1059.0,0.06,1.2,396708.0
WL-006,Repsol,Organico,2022-06-20,1,632.8,1290.8,354.0,35.9,2040.0,2134.0,0.06,1.2,18984.0
WL-006,Repsol,Organico,2022-07-20,2,599.4,1046.6,160.2,21.1,1746.0,2070.0,0.06,1.2,36966.0
WL-006,Repsol,Organico,2022-08-19,3,569.7,1365.9,428.6,42.9,2398.0,2008.0,0.06,1.2,54057.0
WL-006,Repsol,Organico,2022-09-18,4,543.0,728.3,105.5,16.3,1341.0,1948.0,0.06,1.2,70347.0
WL-006,Repsol,Organico,2022-10-18,5,519.0,741.1,314.4,37.7,1428.0,1889.0,0.06,1.2,85917.0
WL-006,Repsol,Organico,2022-11-17,6,497.1,644.7,280.0,36.0,1297.0,1833.0,0.06,1.2,100830.0
WL-006,Repsol,Organico,2022-12-17,7,477.2,998.0,128.8,21.3,2091.0,1778.0,0.06,1.2,115146.0
WL-006,Repsol,Organico,2023-01-16,8,459.0,1146.8,353.3,43.5,2499.0,1724.0,0.06,1.2,128916.0
WL-006,Repsol,Organico,2023-02-15,9,442.2,1024.3,97.9,18.1,2316.0,1673.0,0.06,1.2,142182.0
WL-006,Repsol,Organico,2023-03-17,10,426.7,988.0,296.0,41.0,2315.0,1622.0,0.06,1.2,154983.0
WL-006,Repsol,Organico,2023-04-16,11,412.4,618.8,41.7,9.2,1501.0,1574.0,0.06,1.2,167355.0
WL-006,Repsol,Organico,2023-05-16,12,399.1,649.0,200.4,33.4,1626.0,1526.0,0.06,1.2,179328.0
WL-006,Repsol,Organico,2023-06-15,13,386.7,628.4,234.0,37.7,1625.0,1481.0,0.06,1.2,190929.0
WL-006,Repsol,Organico,2023-07-15,14,375.1,576.0,251.1,40.1,1536.0,1436.0,0.06,1.2,202182.0
WL-006,Repsol,Organico,2023-08-14,15,364.2,502.3,194.1,34.8,1379.0,1393.0,0.06,1.2,213108.0
WL-006,Repsol,Organico,2023-09-13,16,354.0,728.3,151.5,30.0,2057.0,1351.0,0.06,1.2,223728.0
WL-006,Repsol,Organico,2023-10-13,17,344.5,476.6,143.7,29.4,1384.0,1311.0,0.06,1.2,234063.0
WL-006,Repsol,Organico,2023-11-12,18,335.4,481.0,195.0,36.8,1434.0,1271.0,0.06,1.2,244125.0
WL-006,Repsol,Organico,2023-12-12,19,326.9,733.4,94.9,22.5,2243.0,1233.0,0.06,1.2,253932.0
WL-006,Repsol,Organico,2024-01-11,20,318.9,579.6,170.3,34.8,1818.0,1196.0,0.06,1.2,263499.0
WL-006,Repsol,Organico,2024-02-10,21,311.2,701.0,220.2,41.4,2252.0,1160.0,0.06,1.2,272835.0
WL-006,Repsol,Organico,2024-03-11,22,304.0,705.2,37.7,11.0,2320.0,1126.0,0.06,1.2,281955.0
WL-006,Repsol,Organico,2024-04-10,23,297.1,713.5,230.7,43.7,2402.0,1092.0,0.06,1.2,290868.0
WL-006,Repsol,Organico,2024-05-10,24,290.5,539.0,41.8,12.6,1855.0,1059.0,0.06,1.2,299583.0
WL-007,YPF,Loma Amarilla,2019-06-09,1,593.6,1070.2,180.0,23.3,1803.0,2134.0,0.08,1.2,17808.0
WL-007,YPF,Loma Amarilla,2019-07-09,2,553.5,1343.1,154.4,21.8,2427.0,2070.0,0.08,1.2,34413.0
WL-007,YPF,Loma Amarilla,2019-08-08,3,518.9,1117.6,309.6,37.4,2154.0,2008.0,0.08,1.2,49980.0
WL-007,YPF,Loma Amarilla,2019-09-07,4,488.7,1153.3,118.1,19.5,2360.0,1948.0,0.08,1.2,64641.0
WL-007,YPF,Loma Amarilla,2019-10-07,5,462.2,1029.3,313.7,40.4,2227.0,1889.0,0.08,1.2,78507.0
WL-007,YPF,Loma Amarilla,2019-11-06,6,438.6,917.4,90.7,17.1,2092.0,1833.0,0.08,1.2,91665.0
WL-007,YPF,Loma Amarilla,2019-12-06,7,417.5,885.1,58.8,12.3,2120.0,1778.0,0.08,1.2,104190.0
WL-007,YPF,Loma Amarilla,2020-01-05,8,398.5,916.8,265.2,40.0,2301.0,1724.0,0.08,1.2,116145.0
WL-007,YPF,Loma Amarilla,2020-02-04,9,381.3,946.7,191.0,33.4,2483.0,1673.0,0.08,1.2,127584.0
WL-007,YPF,Loma Amarilla,2020-03-05,10,365.7,516.1,169.3,31.6,1411.0,1622.0,0.08,1.2,138555.0
WL-007,YPF,Loma Amarilla,2020-04-04,11,351.4,496.3,141.5,28.7,1412.0,1574.0,0.08,1.2,149097.0
WL-007,YPF,Loma Amarilla,2020-05-04,12,338.3,525.8,107.0,24.0,1554.0,1526.0,0.08,1.2,159246.0
WL-007,YPF,Loma Amarilla,2020-06-03,13,326.2,598.1,114.7,26.0,1833.0,1481.0,0.08,1.2,169032.0
WL-007,YPF,Loma Amarilla,2020-07-03,14,315.0,722.5,138.3,30.5,2293.0,1436.0,0.08,1.2,178482.0
WL-007,YPF,Loma Amarilla,2020-08-02,15,304.7,707.4,240.4,44.1,2322.0,1393.0,0.08,1.2,187623.0
WL-007,YPF,Loma Amarilla,2020-09-01,16,295.0,610.6,151.1,33.9,2070.0,1351.0,0.08,1.2,196473.0
WL-007,YPF,Loma Amarilla,2020-10-01,17,286.0,399.6,123.1,30.1,1397.0,1311.0,0.08,1.2,205053.0
WL-007,YPF,Loma Amarilla,2020-10-31,18,277.6,568.4,214.9,43.6,2047.0,1271.0,0.08,1.2,213381.0
WL-007,YPF,Loma Amarilla,2020-11-30,19,269.7,375.0,92.4,25.5,1390.0,1233.0,0.08,1.2,221472.0
WL-007,YPF,Loma Amarilla,2020-12-30,20,262.3,568.5,109.7,29.5,2167.0,1196.0,0.08,1.2,229341.0
WL-007,YPF,Loma Amarilla,2021-01-29,21,255.4,406.6,136.6,34.9,1592.0,1160.0,0.08,1.2,237003.0
WL-007,YPF,Loma Amarilla,2021-02-28,22,248.8,508.2,132.4,34.7,2043.0,1126.0,0.08,1.2,244467.0
WL-007,YPF,Loma Amarilla,2021-03-30,23,242.6,501.4,43.2,15.1,2067.0,1092.0,0.08,1.2,251745.0
WL-007,YPF,Loma Amarilla,2021-04-29,24,236.7,388.3,124.1,34.4,1641.0,1059.0,0.08,1.2,258846.0
WL-008,YPF,Organico,2020-04-26,1,1061.8,2086.5,303.2,22.2,1965.0,2134.0,0.06,1.2,31854.0
WL-008,YPF,Organico,2020-05-26,2,1005.8,2231.0,746.9,42.6,2218.0,2070.0,0.06,1.2,62028.0
WL-008,YPF,Organico,2020-06-25,3,955.9,2175.2,582.7,37.9,2276.0,2008.0,0.06,1.2,90705.0
WL-008,YPF,Organico,2020-07-25,4,911.2,1401.9,672.7,42.5,1539.0,1948.0,0.06,1.2,118041.0
WL-008,YPF,Organico,2020-08-24,5,870.8,1340.1,554.2,38.9,1539.0,1889.0,0.06,1.2,144165.0
WL-008,YPF,Organico,2020-09-23,6,834.1,1284.6,154.8,15.7,1540.0,1833.0,0.06,1.2,169188.0
WL-008,YPF,Organico,2020-10-23,7,800.7,1362.7,551.0,40.8,1702.0,1778.0,0.06,1.2,193209.0
WL-008,YPF,Organico,2020-11-22,8,770.1,1202.7,114.7,13.0,1562.0,1724.0,0.06,1.2,216312.0
WL-008,YPF,Organico,2020-12-22,9,742.0,1501.1,377.9,33.7,2023.0,1673.0,0.06,1.2,238572.0
WL-008,YPF,Organico,2021-01-21,10,716.0,1400.2,411.0,36.5,1956.0,1622.0,0.06,1.2,260052.0
WL-008,YPF,Organico,2021-02-20,11,692.0,1448.5,281.8,28.9,2093.0,1574.0,0.06,1.2,280812.0
WL-008,YPF,Organico,2021-03-22,12,669.6,1082.9,334.4,33.3,1617.0,1526.0,0.06,1.2,300900.0
WL-008,YPF,Organico,2021-04-21,13,648.8,1183.3,455.9,41.3,1824.0,1481.0,0.06,1.2,320364.0
WL-008,YPF,Organico,2021-05-21,14,629.4,1438.2,109.5,14.8,2285.0,1436.0,0.06,1.2,339246.0
WL-008,YPF,Organico,2021-06-20,15,611.1,781.4,316.5,34.1,1279.0,1393.0,0.06,1.2,357579.0
WL-008,YPF,Organico,2021-07-20,16,594.1,1324.8,153.5,20.5,2230.0,1351.0,0.06,1.2,375402.0
WL-008,YPF,Organico,2021-08-19,17,578.0,1095.7,112.8,16.3,1896.0,1311.0,0.06,1.2,392742.0
WL-008,YPF,Organico,2021-09-18,18,562.8,947.8,116.2,17.1,1684.0,1271.0,0.06,1.2,409626.0
WL-008,YPF,Organico,2021-10-18,19,548.5,964.8,359.2,39.6,1759.0,1233.0,0.06,1.2,426081.0
WL-008,YPF,Organico,2021-11-17,20,535.0,925.1,120.1,18.3,1729.0,1196.0,0.06,1.2,442131.0
WL-008,YPF,Organico,2021-12-17,21,522.2,1243.9,251.6,32.5,2382.0,1160.0,0.06,1.2,457797.0
WL-008,YPF,Organico,2022-01-16,22,510.1,678.7,307.6,37.6,1331.0,1126.0,0.06,1.2,473100.0
WL-008,YPF,Organico,2022-02-15,23,498.5,1232.3,157.9,24.1,2472.0,1092.0,0.06,1.2,488055.0
WL-008,YPF,Organico,2022-03-17,24,487.5,749.9,275.0,36.1,1538.0,1059.0,0.06,1.2,502680.0
WL-009,Chevron,Loma Amarilla,2022-06-02,1,538.4,807.2,353.0,39.6,1499.0,2134.0,0.08,1.2,16152.0
WL-009,Chevron,Loma Amarilla,2022-07-02,2,502.0,1009.9,392.9,43.9,2012.0,2070.0,0.08,1.2,31212.0
WL-009,Chevron,Loma Amarilla,2022-08-01,3,470.6,1029.0,50.6,9.7,2187.0,2008.0,0.08,1.2,45330.0
WL-009,Chevron,Loma Amarilla,2022-08-31,4,443.2,546.1,78.8,15.1,1232.0,1948.0,0.08,1.2,58626.0
WL-009,Chevron,Loma Amarilla,2022-09-30,5,419.1,796.2,55.3,11.7,1900.0,1889.0,0.08,1.2,71199.0
WL-009,Chevron,Loma Amarilla,2022-10-30,6,397.8,762.5,242.6,37.9,1917.0,1833.0,0.08,1.2,83133.0
WL-009,Chevron,Loma Amarilla,2022-11-29,7,378.6,601.2,232.2,38.0,1588.0,1778.0,0.08,1.2,94491.0
WL-009,Chevron,Loma Amarilla,2022-12-29,8,361.4,734.7,92.0,20.3,2033.0,1724.0,0.08,1.2,105333.0
WL-009,Chevron,Loma Amarilla,2023-01-28,9,345.8,472.2,113.9,24.8,1365.0,1673.0,0.08,1.2,115707.0
WL-009,Chevron,Loma Amarilla,2023-02-27,10,331.7,576.9,65.2,16.4,1739.0,1622.0,0.08,1.2,125658.0
WL-009,Chevron,Loma Amarilla,2023-03-29,11,318.7,627.4,114.5,26.4,1969.0,1574.0,0.08,1.2,135219.0
WL-009,Chevron,Loma Amarilla,2023-04-28,12,306.8,605.9,199.7,39.4,1975.0,1526.0,0.08,1.2,144423.0
WL-009,Chevron,Loma Amarilla,2023-05-28,13,295.9,680.6,133.2,31.0,2300.0,1481.0,0.08,1.2,153300.0
WL-009,Chevron,Loma Amarilla,2023-06-27,14,285.7,681.1,127.2,30.8,2384.0,1436.0,0.08,1.2,161871.0
WL-009,Chevron,Loma Amarilla,2023-07-27,15,276.3,637.6,186.5,40.3,2307.0,1393.0,0.08,1.2,170160.0
WL-009,Chevron,Loma Amarilla,2023-08-26,16,267.6,395.7,63.0,19.1,1479.0,1351.0,0.08,1.2,178188.0
WL-009,Chevron,Loma Amarilla,2023-09-25,17,259.4,356.7,171.4,39.8,1375.0,1311.0,0.08,1.2,185970.0
WL-009,Chevron,Loma Amarilla,2023-10-25,18,251.8,553.9,62.7,19.9,2200.0,1271.0,0.08,1.2,193524.0
WL-009,Chevron,Loma Amarilla,2023-11-24,19,244.6,535.3,151.3,38.2,2188.0,1233.0,0.08,1.2,200862.0
WL-009,Chevron,Loma Amarilla,2023-12-24,20,237.9,552.4,99.5,29.5,2322.0,1196.0,0.08,1.2,207999.0
WL-009,Chevron,Loma Amarilla,2024-01-23,21,231.6,472.9,76.4,24.8,2042.0,1160.0,0.08,1.2,214947.0
WL-009,Chevron,Loma Amarilla,2024-02-22,22,225.6,444.5,70.0,23.7,1970.0,1126.0,0.08,1.2,221715.0
WL-009,Chevron,Loma Amarilla,2024-03-23,23,220.0,427.4,57.7,20.8,1943.0,1092.0,0.08,1.2,228315.0
WL-009,Chevron,Loma Amarilla,2024-04-22,24,214.6,478.0,105.0,32.8,2227.0,1059.0,0.08,1.2,234753.0
WL-010,Petrobras,Organico,2018-09-15,1,974.3,1963.5,544.0,35.8,2015.0,2134.0,0.06,1.2,29229.0
WL-010,Petrobras,Organico,2018-10-15,2,922.9,1959.0,639.5,40.9,2123.0,2070.0,0.06,1.2,56916.0
WL-010,Petrobras,Organico,2018-11-14,3,877.1,1989.5,392.0,30.9,2268.0,2008.0,0.06,1.2,83229.0
WL-010,Petrobras,Organico,2018-12-14,4,836.1,2012.8,382.4,31.4,2407.0,1948.0,0.06,1.2,108312.0
WL-010,Petrobras,Organico,2019-01-13,5,799.0,1939.1,330.2,29.2,2427.0,1889.0,0.06,1.2,132282.0
WL-010,Petrobras,Organico,2019-02-12,6,765.4,1249.9,443.7,36.7,1633.0,1833.0,0.06,1.2,155244.0
WL-010,Petrobras,Organico,2019-03-14,7,734.7,1495.3,566.5,43.5,2035.0,1778.0,0.06,1.2,177285.0
WL-010,Petrobras,Organico,2019-04-13,8,706.7,970.4,387.4,35.4,1373.0,1724.0,0.06,1.2,198486.0
WL-010,Petrobras,Organico,2019-05-13,9,680.8,1447.2,328.5,32.5,2126.0,1673.0,0.06,1.2,218910.0
WL-010,Petrobras,Organico,2019-06-12,10,657.0,1174.2,497.6,43.1,1787.0,1622.0,0.06,1.2,238620.0
WL-010,Petrobras,Organico,2019-07-12,11,634.9,1529.6,139.1,18.0,2409.0,1574.0,0.06,1.2,257667.0
WL-010,Petrobras,Organico,2019-08-11,12,614.4,893.3,221.1,26.5,1454.0,1526.0,0.06,1.2,276099.0
WL-010,Petrobras,Organico,2019-09-10,13,595.3,1045.0,61.6,9.4,1755.0,1481.0,0.06,1.2,293958.0
WL-010,Petrobras,Organico,2019-10-10,14,577.5,879.7,240.4,29.4,1523.0,1436.0,0.06,1.2,311283.0
WL-010,Petrobras,Organico,2019-11-09,15,560.8,1128.1,257.7,31.5,2012.0,1393.0,0.06,1.2,328107.0
WL-010,Petrobras,Organico,2019-12-09,16,545.1,886.9,154.1,22.0,1627.0,1351.0,0.06,1.2,344460.0
WL-010,Petrobras,Organico,2020-01-08,17,530.3,1018.3,293.4,35.6,1920.0,1311.0,0.06,1.2,360369.0
WL-010,Petrobras,Organico,2020-02-07,18,516.4,1279.5,174.7,25.3,2478.0,1271.0,0.06,1.2,375861.0
WL-010,Petrobras,Organico,2020-03-08,19,503.3,829.6,388.4,43.6,1648.0,1233.0,0.06,1.2,390960.0
WL-010,Petrobras,Organico,2020-04-07,20,490.9,888.1,57.0,10.4,1809.0,1196.0,0.06,1.2,405687.0
WL-010,Petrobras,Organico,2020-05-07,21,479.2,884.0,298.5,38.4,1845.0,1160.0,0.06,1.2,420063.0
WL-010,Petrobras,Organico,2020-06-06,22,468.0,1031.0,132.1,22.0,2203.0,1126.0,0.06,1.2,434103.0
WL-010,Petrobras,Organico,2020-07-06,23,457.4,724.4,243.6,34.7,1584.0,1092.0,0.06,1.2,447825.0
WL-010,Petrobras,Organico,2020-08-05,24,447.3,547.1,317.7,41.5,1223.0,1059.0,0.06,1.2,461244.0
WL-011,TotalEnergies,La Cocina,2022-04-01,1,511.7,1081.4,199.3,28.0,2114.0,2134.0,0.12,1.2,15351.0
WL-011,TotalEnergies,La Cocina,2022-05-01,2,463.5,903.8,282.5,37.9,1950.0,2070.0,0.12,1.2,29256.0
WL-011,TotalEnergies,La Cocina,2022-05-31,3,424.3,614.3,212.7,33.4,1448.0,2008.0,0.12,1.2,41985.0
WL-011,TotalEnergies,La Cocina,2022-06-30,4,391.8,782.9,188.4,32.5,1998.0,1948.0,0.12,1.2,53739.0
WL-011,TotalEnergies,La Cocina,2022-07-30,5,364.2,812.4,175.0,32.5,2230.0,1889.0,0.12,1.2,64665.0
WL-011,TotalEnergies,La Cocina,2022-08-29,6,340.6,586.9,53.5,13.6,1723.0,1833.0,0.12,1.2,74883.0
WL-011,TotalEnergies,La Cocina,2022-09-28,7,320.2,682.1,255.1,44.3,2131.0,1778.0,0.12,1.2,84489.0
WL-011,TotalEnergies,La Cocina,2022-10-28,8,302.2,418.6,62.6,17.2,1385.0,1724.0,0.12,1.2,93555.0
WL-011,TotalEnergies,La Cocina,2022-11-27,9,286.3,420.3,216.3,43.0,1468.0,1673.0,0.12,1.2,102144.0
WL-011,TotalEnergies,La Cocina,2022-12-27,10,272.2,610.4,200.4,42.4,2243.0,1622.0,0.12,1.2,110310.0
WL-011,TotalEnergies,La Cocina,2023-01-26,11,259.5,637.6,167.3,39.2,2457.0,1574.0,0.12,1.2,118095.0
WL-011,TotalEnergies,La Cocina,2023-02-25,12,248.0,585.5,79.0,24.2,2361.0,1526.0,0.12,1.2,125535.0
WL-011,TotalEnergies,La Cocina,2023-03-27,13,237.6,435.1,141.5,37.3,1831.0,1481.0,0.12,1.2,132663.0
WL-011,TotalEnergies,La Cocina,2023-04-26,14,228.1,539.5,146.7,39.1,2365.0,1436.0,0.12,1.2,139506.0
WL-011,TotalEnergies,La Cocina,2023-05-26,15,219.4,337.0,63.0,22.3,1536.0,1393.0,0.12,1.2,146088.0
WL-011,TotalEnergies,La Cocina,2023-06-25,16,211.4,272.6,53.5,20.2,1289.0,1351.0,0.12,1.2,152430.0
WL-011,TotalEnergies,La Cocina,2023-07-25,17,204.0,371.1,35.6,14.9,1819.0,1311.0,0.12,1.2,158550.0
WL-011,TotalEnergies,La Cocina,2023-08-24,18,197.2,485.7,35.7,15.3,2463.0,1271.0,0.12,1.2,164466.0
WL-011,TotalEnergies,La Cocina,2023-09-23,19,190.8,323.5,97.7,33.9,1695.0,1233.0,0.12,1.2,170190.0
WL-011,TotalEnergies,La Cocina,2023-10-23,20,184.9,314.8,78.3,29.7,1702.0,1196.0,0.12,1.2,175737.0
WL-011,TotalEnergies,La Cocina,2023-11-22,21,179.4,237.8,100.2,35.8,1326.0,1160.0,0.12,1.2,181119.0
WL-011,TotalEnergies,La Cocina,2023-12-22,22,174.2,368.6,115.8,39.9,2116.0,1126.0,0.12,1.2,186345.0
WL-011,TotalEnergies,La Cocina,2024-01-21,23,169.3,221.9,58.9,25.8,1310.0,1092.0,0.12,1.2,191424.0
WL-011,TotalEnergies,La Cocina,2024-02-20,24,164.8,390.9,16.5,9.1,2372.0,1059.0,0.12,1.2,196368.0
WL-013,YPF,Organico,2021-10-15,1,885.3,1371.1,463.6,34.4,1549.0,2134.0,0.06,1.2,26559.0
WL-013,YPF,Organico,2021-11-14,2,838.6,1098.8,655.4,43.9,1310.0,2070.0,0.06,1.2,51717.0
WL-013,YPF,Organico,2021-12-14,3,797.0,1491.4,575.7,41.9,1871.0,2008.0,0.06,1.2,75627.0
WL-013,YPF,Organico,2022-01-13,4,759.7,1007.8,123.3,14.0,1327.0,1948.0,0.06,1.2,98418.0
WL-013,YPF,Organico,2022-02-12,5,726.0,888.6,471.2,39.4,1224.0,1889.0,0.06,1.2,120198.0
WL-013,YPF,Organico,2022-03-14,6,695.5,854.7,148.4,17.6,1229.0,1833.0,0.06,1.2,141063.0
WL-013,YPF,Organico,2022-04-13,7,667.6,1169.6,173.6,20.6,1752.0,1778.0,0.06,1.2,161091.0
WL-013,YPF,Organico,2022-05-13,8,642.1,918.9,454.6,41.5,1431.0,1724.0,0.06,1.2,180354.0
WL-013,YPF,Organico,2022-06-12,9,618.7,1011.1,410.2,39.9,1634.0,1673.0,0.06,1.2,198915.0
WL-013,YPF,Organico,2022-07-12,10,597.0,1075.3,216.6,26.6,1801.0,1622.0,0.06,1.2,216825.0
WL-013,YPF,Organico,2022-08-11,11,576.9,1179.5,236.0,29.0,2044.0,1574.0,0.06,1.2,234132.0
WL-013,YPF,Organico,2022-09-10,12,558.3,790.7,248.1,30.8,1416.0,1526.0,0.06,1.2,250881.0
WL-013,YPF,Organico,2022-10-10,13,540.9,1207.1,91.5,14.5,2231.0,1481.0,0.06,1.2,267108.0
WL-013,YPF,Organico,2022-11-09,14,524.7,821.4,198.1,27.4,1565.0,1436.0,0.06,1.2,282849.0
WL-013,YPF,Organico,2022-12-09,15,509.6,1148.0,105.3,17.1,2253.0,1393.0,0.06,1.2,298137.0
WL-013,YPF,Organico,2023-01-08,16,495.3,835.1,377.3,43.2,1686.0,1351.0,0.06,1.2,312996.0
WL-013,YPF,Organico,2023-02-07,17,481.9,951.5,293.8,37.9,1974.0,1311.0,0.06,1.2,327453.0
WL-013,YPF,Organico,2023-03-09,18,469.3,692.7,155.2,24.9,1476.0,1271.0,0.06,1.2,341532.0
WL-013,YPF,Organico,2023-04-08,19,457.4,619.9,103.9,18.5,1355.0,1233.0,0.06,1.2,355254.0
WL-013,YPF,Organico,2023-05-08,20,446.1,660.8,83.8,15.8,1481.0,1196.0,0.06,1.2,368637.0
WL-013,YPF,Organico,2023-06-07,21,435.4,1066.1,262.0,37.6,2449.0,1160.0,0.06,1.2,381699.0
WL-013,YPF,Organico,2023-07-07,22,425.3,616.9,70.3,14.2,1451.0,1126.0,0.06,1.2,394458.0
WL-013,YPF,Organico,2023-08-06,23,415.6,529.9,63.6,13.3,1275.0,1092.0,0.06,1.2,406926.0
WL-013,YPF,Organico,2023-09-05,24,406.5,842.9,126.7,23.8,2074.0,1059.0,0.06,1.2,419121.0
WL-014,YPF,La Cocina,2022-01-06,1,511.6,1217.2,237.1,31.7,2379.0,2134.0,0.12,1.2,15348.0
WL-014,YPF,La Cocina,2022-02-05,2,463.4,1000.8,243.6,34.5,2160.0,2070.0,0.12,1.2,29250.0
WL-014,YPF,La Cocina,2022-03-07,3,424.3,652.1,286.7,40.3,1537.0,2008.0,0.12,1.2,41979.0
WL-014,YPF,La Cocina,2022-04-06,4,391.7,752.4,111.6,22.2,1921.0,1948.0,0.12,1.2,53730.0
WL-014,YPF,La Cocina,2022-05-06,5,364.2,596.5,70.4,16.2,1638.0,1889.0,0.12,1.2,64656.0
WL-014,YPF,La Cocina,2022-06-05,6,340.6,809.2,265.1,43.8,2376.0,1833.0,0.12,1.2,74874.0
WL-014,YPF,La Cocina,2022-07-05,7,320.1,686.7,186.7,36.8,2145.0,1778.0,0.12,1.2,84477.0
WL-014,YPF,La Cocina,2022-08-04,8,302.1,451.0,197.4,39.5,1493.0,1724.0,0.12,1.2,93540.0
WL-014,YPF,La Cocina,2022-09-03,9,286.3,504.1,180.0,38.6,1761.0,1673.0,0.12,1.2,102129.0
WL-014,YPF,La Cocina,2022-10-03,10,272.1,426.0,178.8,39.7,1565.0,1622.0,0.12,1.2,110292.0
WL-014,YPF,La Cocina,2022-11-02,11,259.4,611.7,200.2,43.6,2358.0,1574.0,0.12,1.2,118074.0
WL-014,YPF,La Cocina,2022-12-02,12,248.0,444.0,192.0,43.6,1791.0,1526.0,0.12,1.2,125514.0
WL-014,YPF,La Cocina,2023-01-01,13,237.6,516.7,172.0,42.0,2175.0,1481.0,0.12,1.2,132642.0
WL-014,YPF,La Cocina,2023-01-31,14,228.1,548.9,168.5,42.5,2407.0,1436.0,0.12,1.2,139485.0
WL-014,YPF,La Cocina,2023-03-02,15,219.4,357.7,63.1,22.3,1631.0,1393.0,0.12,1.2,146067.0
WL-014,YPF,La Cocina,2023-04-01,16,211.4,439.8,74.9,26.2,2081.0,1351.0,0.12,1.2,152409.0
WL-014,YPF,La Cocina,2023-05-01,17,204.0,283.1,154.8,43.1,1388.0,1311.0,0.12,1.2,158529.0
WL-014,YPF,La Cocina,2023-05-31,18,197.2,386.5,122.6,38.3,1960.0,1271.0,0.12,1.2,164445.0
WL-014,YPF,La Cocina,2023-06-30,19,190.8,285.8,125.9,39.8,1498.0,1233.0,0.12,1.2,170169.0
WL-014,YPF,La Cocina,2023-07-30,20,184.9,310.9,138.3,42.8,1682.0,1196.0,0.12,1.2,175716.0
WL-014,YPF,La Cocina,2023-08-29,21,179.3,447.6,64.5,26.5,2496.0,1160.0,0.12,1.2,181095.0
WL-014,YPF,La Cocina,2023-09-28,22,174.2,394.7,122.1,41.2,2266.0,1126.0,0.12,1.2,186321.0
WL-014,YPF,La Cocina,2023-10-28,23,169.3,230.0,125.7,42.6,1358.0,1092.0,0.12,1.2,191400.0
WL-014,YPF,La Cocina,2023-11-27,24,164.7,378.4,98.3,37.4,2297.0,1059.0,0.12,1.2,196341.0
WL-015,Chevron,Organico,2019-03-30,1,919.5,1226.5,263.1,22.2,1334.0,2134.0,0.06,1.2,27585.0
WL-015,Chevron,Organico,2019-04-29,2,871.0,1134.9,301.9,25.7,1303.0,2070.0,0.06,1.2,53715.0
WL-015,Chevron,Organico,2019-05-29,3,827.8,1952.0,392.4,32.2,2358.0,2008.0,0.06,1.2,78549.0
WL-015,Chevron,Organico,2019-06-28,4,789.0,1325.5,182.3,18.8,1680.0,1948.0,0.06,1.2,102219.0
WL-015,Chevron,Organico,2019-07-28,5,754.1,1374.0,566.6,42.9,1822.0,1889.0,0.06,1.2,124842.0
WL-015,Chevron,Organico,2019-08-27,6,722.3,1736.7,566.9,44.0,2404.0,1833.0,0.06,1.2,146511.0
WL-015,Chevron,Organico,2019-09-26,7,693.4,1606.4,69.7,9.1,2317.0,1778.0,0.06,1.2,167313.0
WL-015,Chevron,Organico,2019-10-26,8,666.9,816.3,303.2,31.3,1224.0,1724.0,0.06,1.2,187320.0
WL-015,Chevron,Organico,2019-11-25,9,642.5,1113.4,476.3,42.6,1733.0,1673.0,0.06,1.2,206595.0
WL-015,Chevron,Organico,2019-12-25,10,620.0,991.8,165.2,21.0,1600.0,1622.0,0.06,1.2,225195.0
WL-015,Chevron,Organico,2020-01-24,11,599.2,1365.5,79.8,11.8,2279.0,1574.0,0.06,1.2,243171.0
WL-015,Chevron,Organico,2020-02-23,12,579.9,1271.1,429.9,42.6,2192.0,1526.0,0.06,1.2,260568.0
WL-015,Chevron,Organico,2020-03-24,13,561.8,1070.2,299.7,34.8,1905.0,1481.0,0.06,1.2,277422.0
WL-015,Chevron,Organico,2020-04-23,14,545.0,991.9,104.9,16.1,1820.0,1436.0,0.06,1.2,293772.0
WL-015,Chevron,Organico,2020-05-23,15,529.2,1246.3,165.1,23.8,2355.0,1393.0,0.06,1.2,309648.0
WL-015,Chevron,Organico,2020-06-22,16,514.4,1118.5,236.8,31.5,2174.0,1351.0,0.06,1.2,325080.0
WL-015,Chevron,Organico,2020-07-22,17,500.5,869.6,335.3,40.1,1737.0,1311.0,0.06,1.2,340095.0
WL-015,Chevron,Organico,2020-08-21,18,487.4,1042.7,328.3,40.2,2139.0,1271.0,0.06,1.2,354717.0
WL-015,Chevron,Organico,2020-09-20,19,475.0,1063.2,204.5,30.1,2238.0,1233.0,0.06,1.2,368967.0
WL-015,Chevron,Organico,2020-10-20,20,463.3,608.5,98.9,17.6,1313.0,1196.0,0.06,1.2,382866.0
WL-015,Chevron,Organico,2020-11-19,21,452.2,1110.4,309.0,40.6,2455.0,1160.0,0.06,1.2,396432.0
WL-015,Chevron,Organico,2020-12-19,22,441.7,996.4,135.1,23.4,2256.0,1126.0,0.06,1.2,409683.0
WL-015,Chevron,Organico,2021-01-18,23,431.7,999.8,186.2,30.1,2316.0,1092.0,0.06,1.2,422634.0
WL-015,Chevron,Organico,2021-02-17,24,422.2,780.3,80.2,16.0,1848.0,1059.0,0.06,1.2,435300.0
WL-016,YPF,La Cocina,2019-07-16,1,707.6,893.1,538.5,43.2,1262.0,2134.0,0.12,1.2,21228.0
WL-016,YPF,La Cocina,2019-08-15,2,641.0,1341.1,324.9,33.6,2092.0,2070.0,0.12,1.2,40458.0
WL-016,YPF,La Cocina,2019-09-14,3,586.8,813.0,447.2,43.2,1385.0,2008.0,0.12,1.2,58062.0
WL-016,YPF,La Cocina,2019-10-14,4,541.8,889.6,289.5,34.8,1642.0,1948.0,0.12,1.2,74316.0
WL-016,YPF,La Cocina,2019-11-13,5,503.7,901.0,134.9,21.1,1789.0,1889.0,0.12,1.2,89427.0
WL-016,YPF,La Cocina,2019-12-13,6,471.1,586.4,96.1,16.9,1245.0,1833.0,0.12,1.2,103560.0
WL-016,YPF,La Cocina,2020-01-12,7,442.7,998.0,246.7,35.8,2254.0,1778.0,0.12,1.2,116841.0
WL-016,YPF,La Cocina,2020-02-11,8,417.9,797.3,53.8,11.4,1908.0,1724.0,0.12,1.2,129378.0
WL-016,YPF,La Cocina,2020-03-12,9,395.9,716.1,285.9,41.9,1809.0,1673.0,0.12,1.2,141255.0
WL-016,YPF,La Cocina,2020-04-11,10,376.4,684.7,146.3,28.0,1819.0,1622.0,0.12,1.2,152547.0
WL-016,YPF,La Cocina,2020-05-11,11,358.8,718.0,116.6,24.5,2001.0,1574.0,0.12,1.2,163311.0
WL-016,YPF,La Cocina,2020-06-10,12,343.0,670.5,129.5,27.4,1955.0,1526.0,0.12,1.2,173601.0
WL-016,YPF,La Cocina,2020-07-10,13,328.6,402.9,132.1,28.7,1226.0,1481.0,0.12,1.2,183459.0
WL-016,YPF,La Cocina,2020-08-09,14,315.4,547.2,170.4,35.1,1735.0,1436.0,0.12,1.2,192921.0
WL-016,YPF,La Cocina,2020-09-08,15,303.4,562.3,64.8,17.6,1853.0,1393.0,0.12,1.2,202023.0
WL-016,YPF,La Cocina,2020-10-08,16,292.4,604.3,56.9,16.3,2067.0,1351.0,0.12,1.2,210795.0
WL-016,YPF,La Cocina,2020-11-07,17,282.1,400.9,71.8,20.3,1421.0,1311.0,0.12,1.2,219258.0
WL-016,YPF,La Cocina,2020-12-07,18,272.7,357.9,36.2,11.7,1312.0,1271.0,0.12,1.2,227439.0
WL-016,YPF,La Cocina,2021-01-06,19,263.9,326.6,107.4,28.9,1238.0,1233.0,0.12,1.2,235356.0
WL-016,YPF,La Cocina,2021-02-05,20,255.7,575.6,135.4,34.6,2251.0,1196.0,0.12,1.2,243027.0
WL-016,YPF,La Cocina,2021-03-07,21,248.1,510.8,186.1,42.9,2059.0,1160.0,0.12,1.2,250470.0
WL-016,YPF,La Cocina,2021-04-06,22,240.9,441.7,131.7,35.3,1834.0,1126.0,0.12,1.2,257697.0
WL-016,YPF,La Cocina,2021-05-06,23,234.2,337.4,64.5,21.6,1441.0,1092.0,0.12,1.2,264723.0
WL-016,YPF,La Cocina,2021-06-05,24,227.9,405.7,177.9,43.8,1781.0,1059.0,0.12,1.2,271560.0
WL-017,YPF,Organico,2022-09-09,1,731.6,958.0,566.4,43.6,1310.0,2134.0,0.06,1.2,21948.0
WL-017,YPF,Organico,2022-10-09,2,693.0,842.2,512.8,42.5,1215.0,2070.0,0.06,1.2,42738.0
WL-017,YPF,Organico,2022-11-08,3,658.6,1196.8,109.0,14.2,1817.0,2008.0,0.06,1.2,62496.0
WL-017,YPF,Organico,2022-12-08,4,627.8,833.8,212.9,25.3,1328.0,1948.0,0.06,1.2,81330.0
WL-017,YPF,Organico,2023-01-07,5,600.0,783.2,92.3,13.3,1305.0,1889.0,0.06,1.2,99330.0
WL-017,YPF,Organico,2023-02-06,6,574.7,1128.2,380.7,39.8,1963.0,1833.0,0.06,1.2,116571.0
WL-017,YPF,Organico,2023-03-08,7,551.7,943.9,216.9,28.2,1711.0,1778.0,0.06,1.2,133122.0
WL-017,YPF,Organico,2023-04-07,8,530.6,1267.6,114.2,17.7,2389.0,1724.0,0.06,1.2,149040.0
WL-017,YPF,Organico,2023-05-07,9,511.2,1256.8,157.8,23.6,2458.0,1673.0,0.06,1.2,164376.0
WL-017,YPF,Organico,2023-06-06,10,493.3,661.5,376.2,43.3,1341.0,1622.0,0.06,1.2,179175.0
WL-017,YPF,Organico,2023-07-06,11,476.8,760.1,370.1,43.7,1594.0,1574.0,0.06,1.2,193479.0
WL-017,YPF,Organico,2023-08-05,12,461.4,794.5,287.2,38.4,1722.0,1526.0,0.06,1.2,207321.0
WL-017,YPF,Organico,2023-09-04,13,447.0,919.5,334.7,42.8,2057.0,1481.0,0.06,1.2,220731.0
WL-017,YPF,Organico,2023-10-04,14,433.6,733.6,224.6,34.1,1692.0,1436.0,0.06,1.2,233739.0
WL-017,YPF,Organico,2023-11-03,15,421.1,928.2,312.6,42.6,2204.0,1393.0,0.06,1.2,246372.0
WL-017,YPF,Organico,2023-12-03,16,409.3,761.6,53.3,11.5,1861.0,1351.0,0.06,1.2,258651.0
WL-017,YPF,Organico,2024-01-02,17,398.2,858.5,280.5,41.3,2156.0,1311.0,0.06,1.2,270597.0
WL-017,YPF,Organico,2024-02-01,18,387.8,760.5,293.2,43.1,1961.0,1271.0,0.06,1.2,282231.0
WL-017,YPF,Organico,2024-03-02,19,377.9,819.1,63.5,14.4,2167.0,1233.0,0.06,1.2,293568.0
WL-017,YPF,Organico,2024-04-01,20,368.6,516.1,287.3,43.8,1400.0,1196.0,0.06,1.2,304626.0
WL-017,YPF,Organico,2024-05-01,21,359.8,439.7,185.6,34.0,1222.0,1160.0,0.06,1.2,315420.0
WL-017,YPF,Organico,2024-05-31,22,351.4,710.2,278.2,44.2,2021.0,1126.0,0.06,1.2,325962.0
WL-017,YPF,Organico,2024-06-30,23,343.5,431.7,242.9,41.4,1257.0,1092.0,0.06,1.2,336267.0
WL-017,YPF,Organico,2024-07-30,24,335.9,475.3,234.7,41.1,1415.0,1059.0,0.06,1.2,346344.0
WL-019,YPF,La Cocina,2019-02-04,1,680.8,1067.5,98.6,12.7,1568.0,2134.0,0.12,1.2,20424.0
WL-019,YPF,La Cocina,2019-03-06,2,616.7,1338.3,268.3,30.3,2170.0,2070.0,0.12,1.2,38925.0
WL-019,YPF,La Cocina,2019-04-05,3,564.6,1234.1,240.8,29.9,2186.0,2008.0,0.12,1.2,55863.0
WL-019,YPF,La Cocina,2019-05-05,4,521.3,879.4,387.1,42.6,1687.0,1948.0,0.12,1.2,71502.0
WL-019,YPF,La Cocina,2019-06-04,5,484.7,1100.9,289.6,37.4,2272.0,1889.0,0.12,1.2,86043.0
WL-019,YPF,La Cocina,2019-07-04,6,453.2,777.0,323.2,41.6,1714.0,1833.0,0.12,1.2,99639.0
WL-019,YPF,La Cocina,2019-08-03,7,426.0,811.8,334.8,44.0,1906.0,1778.0,0.12,1.2,112419.0
WL-019,YPF,La Cocina,2019-09-02,8,402.1,506.6,140.3,25.9,1260.0,1724.0,0.12,1.2,124482.0
WL-019,YPF,La Cocina,2019-10-02,9,381.0,753.9,47.9,11.2,1979.0,1673.0,0.12,1.2,135912.0
WL-019,YPF,La Cocina,2019-11-01,10,362.1,452.9,92.4,20.3,1251.0,1622.0,0.12,1.2,146775.0
WL-019,YPF,La Cocina,2019-12-01,11,345.2,726.2,93.8,21.4,2103.0,1574.0,0.12,1.2,157131.0
WL-019,YPF,La Cocina,2019-12-31,12,330.0,602.9,193.9,37.0,1827.0,1526.0,0.12,1.2,167031.0
WL-019,YPF,La Cocina,2020-01-30,13,316.1,495.4,126.5,28.6,1567.0,1481.0,0.12,1.2,176514.0
WL-019,YPF,La Cocina,2020-02-29,14,303.5,377.8,197.4,39.4,1245.0,1436.0,0.12,1.2,185619.0
WL-019,YPF,La Cocina,2020-03-30,15,291.9,377.7,82.0,21.9,1294.0,1393.0,0.12,1.2,194376.0
WL-019,YPF,La Cocina,2020-04-29,16,281.3,633.5,172.5,38.0,2252.0,1351.0,0.12,1.2,202815.0
WL-019,YPF,La Cocina,2020-05-29,17,271.5,504.6,193.2,41.6,1859.0,1311.0,0.12,1.2,210960.0
WL-019,YPF,La Cocina,2020-06-28,18,262.4,598.4,147.2,35.9,2281.0,1271.0,0.12,1.2,218832.0
WL-019,YPF,La Cocina,2020-07-28,19,253.9,453.1,87.4,25.6,1784.0,1233.0,0.12,1.2,226449.0
WL-019,YPF,La Cocina,2020-08-27,20,246.0,602.6,154.2,38.5,2449.0,1196.0,0.12,1.2,233829.0
WL-019,YPF,La Cocina,2020-09-26,21,238.7,434.7,152.0,38.9,1821.0,1160.0,0.12,1.2,240990.0
WL-019,YPF,La Cocina,2020-10-26,22,231.8,438.6,113.3,32.8,1892.0,1126.0,0.12,1.2,247944.0
WL-019,YPF,La Cocina,2020-11-25,23,225.3,539.0,31.8,12.4,2392.0,1092.0,0.12,1.2,254703.0
WL-019,YPF,La Cocina,2020-12-25,24,219.2,270.6,24.7,10.1,1234.0,1059.0,0.12,1.2,261279.0
WL-021,YPF,La Cocina,2020-06-28,1,495.9,1072.2,141.0,22.1,2162.0,2134.0,0.12,1.2,14877.0
WL-021,YPF,La Cocina,2020-07-28,2,449.3,850.8,49.5,9.9,1894.0,2070.0,0.12,1.2,28356.0
WL-021,YPF,La Cocina,2020-08-27,3,411.3,984.8,300.4,42.2,2394.0,2008.0,0.12,1.2,40695.0
WL-021,YPF,La Cocina,2020-09-26,4,379.7,472.2,292.3,43.5,1244.0,1948.0,0.12,1.2,52086.0
WL-021,YPF,La Cocina,2020-10-26,5,353.0,486.6,105.4,23.0,1378.0,1889.0,0.12,1.2,62676.0
WL-021,YPF,La Cocina,2020-11-25,6,330.2,656.3,251.2,43.2,1988.0,1833.0,0.12,1.2,72582.0
WL-021,YPF,La Cocina,2020-12-25,7,310.3,716.4,31.5,9.2,2309.0,1778.0,0.12,1.2,81891.0
WL-021,YPF,La Cocina,2021-01-24,8,292.9,550.0,142.5,32.7,1878.0,1724.0,0.12,1.2,90678.0
WL-021,YPF,La Cocina,2021-02-23,9,277.5,508.1,177.0,38.9,1831.0,1673.0,0.12,1.2,99003.0
WL-021,YPF,La Cocina,2021-03-25,10,263.8,371.7,167.6,38.9,1409.0,1622.0,0.12,1.2,106917.0
WL-021,YPF,La Cocina,2021-04-24,11,251.5,308.6,49.0,16.3,1227.0,1574.0,0.12,1.2,114462.0
WL-021,YPF,La Cocina,2021-05-24,12,240.4,324.8,76.2,24.1,1351.0,1526.0,0.12,1.2,121674.0
WL-021,YPF,La Cocina,2021-06-23,13,230.3,477.4,99.0,30.1,2073.0,1481.0,0.12,1.2,128583.0
WL-021,YPF,La Cocina,2021-07-23,14,221.1,499.9,66.9,23.2,2261.0,1436.0,0.12,1.2,135216.0
WL-021,YPF,La Cocina,2021-08-22,15,212.7,457.9,125.9,37.2,2153.0,1393.0,0.12,1.2,141597.0
WL-021,YPF,La Cocina,2021-09-21,16,204.9,333.2,68.5,25.1,1626.0,1351.0,0.12,1.2,147744.0
WL-021,YPF,La Cocina,2021-10-21,17,197.8,488.7,106.2,34.9,2471.0,1311.0,0.12,1.2,153678.0
WL-021,YPF,La Cocina,2021-11-20,18,191.1,465.5,121.8,38.9,2436.0,1271.0,0.12,1.2,159411.0
WL-021,YPF,La Cocina,2021-12-20,19,185.0,420.3,71.1,27.8,2272.0,1233.0,0.12,1.2,164961.0
WL-021,YPF,La Cocina,2022-01-19,20,179.2,320.2,68.2,27.6,1787.0,1196.0,0.12,1.2,170337.0
WL-021,YPF,La Cocina,2022-02-18,21,173.9,433.6,39.0,18.3,2494.0,1160.0,0.12,1.2,175554.0
WL-021,YPF,La Cocina,2022-03-20,22,168.8,413.9,66.4,28.2,2451.0,1126.0,0.12,1.2,180618.0
WL-021,YPF,La Cocina,2022-04-19,23,164.1,287.4,69.6,29.8,1751.0,1092.0,0.12,1.2,185541.0
WL-021,YPF,La Cocina,2022-05-19,24,159.7,269.2,68.0,29.9,1686.0,1059.0,0.12,1.2,190332.0
WL-022,TotalEnergies,La Cocina,2018-10-14,1,597.2,1137.1,347.5,36.8,1904.0,2134.0,0.12,1.2,17916.0
WL-022,TotalEnergies,La Cocina,2018-11-13,2,541.0,892.6,220.4,28.9,1650.0,2070.0,0.12,1.2,34146.0
WL-022,TotalEnergies,La Cocina,2018-12-13,3,495.2,973.5,276.1,35.8,1966.0,2008.0,0.12,1.2,49002.0
WL-022,TotalEnergies,La Cocina,2019-01-12,4,457.2,614.2,91.5,16.7,1343.0,1948.0,0.12,1.2,62718.0
WL-022,TotalEnergies,La Cocina,2019-02-11,5,425.1,993.2,142.8,25.1,2336.0,1889.0,0.12,1.2,75471.0
WL-022,TotalEnergies,La Cocina,2019-03-13,6,397.6,512.8,126.6,24.2,1290.0,1833.0,0.12,1.2,87399.0
WL-022,TotalEnergies,La Cocina,2019-04-12,7,373.7,746.1,208.4,35.8,1997.0,1778.0,0.12,1.2,98610.0
WL-022,TotalEnergies,La Cocina,2019-05-12,8,352.7,836.8,58.3,14.2,2373.0,1724.0,0.12,1.2,109191.0
WL-022,TotalEnergies,La Cocina,2019-06-11,9,334.2,802.6,76.0,18.5,2402.0,1673.0,0.12,1.2,119217.0
WL-022,TotalEnergies,La Cocina,2019-07-11,10,317.7,401.4,88.0,21.7,1264.0,1622.0,0.12,1.2,128748.0
WL-022,TotalEnergies,La Cocina,2019-08-10,11,302.8,435.3,123.8,29.0,1437.0,1574.0,0.12,1.2,137832.0
WL-022,TotalEnergies,La Cocina,2019-09-09,12,289.4,625.2,88.0,23.3,2160.0,1526.0,0.12,1.2,146514.0
WL-022,TotalEnergies,La Cocina,2019-10-09,13,277.3,434.9,52.9,16.0,1568.0,1481.0,0.12,1.2,154833.0
WL-022,TotalEnergies,La Cocina,2019-11-08,14,266.2,542.9,36.8,12.1,2039.0,1436.0,0.12,1.2,162819.0
WL-022,TotalEnergies,La Cocina,2019-12-08,15,256.1,401.0,87.2,25.4,1566.0,1393.0,0.12,1.2,170502.0
WL-022,TotalEnergies,La Cocina,2020-01-07,16,246.7,365.6,46.8,15.9,1482.0,1351.0,0.12,1.2,177903.0
WL-022,TotalEnergies,La Cocina,2020-02-06,17,238.1,414.3,125.0,34.4,1740.0,1311.0,0.12,1.2,185046.0
WL-022,TotalEnergies,La Cocina,2020-03-07,18,230.1,420.4,23.9,9.4,1827.0,1271.0,0.12,1.2,191949.0
WL-022,TotalEnergies,La Cocina,2020-04-06,19,222.7,405.3,37.0,14.2,1820.0,1233.0,0.12,1.2,198630.0
WL-022,TotalEnergies,La Cocina,2020-05-06,20,215.8,391.9,81.2,27.3,1816.0,1196.0,0.12,1.2,205104.0
WL-022,TotalEnergies,La Cocina,2020-06-05,21,209.4,325.4,122.3,36.9,1554.0,1160.0,0.12,1.2,211386.0
WL-022,TotalEnergies,La Cocina,2020-07-05,22,203.3,410.2,97.3,32.4,2018.0,1126.0,0.12,1.2,217485.0
WL-022,TotalEnergies,La Cocina,2020-08-04,23,197.6,474.7,59.3,23.1,2402.0,1092.0,0.12,1.2,223413.0
WL-022,TotalEnergies,La Cocina,2020-09-03,24,192.3,374.1,23.8,11.0,1945.0,1059.0,0.12,1.2,229182.0
WL-023,Chevron,Loma Amarilla,2022-09-03,1,530.3,806.7,396.9,42.8,1521.0,2134.0,0.08,1.2,15909.0
WL-023,Chevron,Loma Amarilla,2022-10-03,2,494.4,1166.4,285.9,36.6,2359.0,2070.0,0.08,1.2,30741.0
WL-023,Chevron,Loma Amarilla,2022-11-02,3,463.5,897.8,223.8,32.6,1937.0,2008.0,0.08,1.2,44646.0
WL-023,Chevron,Loma Amarilla,2022-12-02,4,436.6,643.3,278.9,39.0,1473.0,1948.0,0.08,1.2,57744.0
WL-023,Chevron,Loma Amarilla,2023-01-01,5,412.9,976.4,249.8,37.7,2365.0,1889.0,0.08,1.2,70131.0
WL-023,Chevron,Loma Amarilla,2023-01-31,6,391.8,724.2,160.5,29.1,1848.0,1833.0,0.08,1.2,81885.0
WL-023,Chevron,Loma Amarilla,2023-03-02,7,373.0,836.6,257.9,40.9,2243.0,1778.0,0.08,1.2,93075.0
WL-023,Chevron,Loma Amarilla,2023-04-01,8,356.0,533.2,275.4,43.6,1498.0,1724.0,0.08,1.2,103755.0
WL-023,Chevron,Loma Amarilla,2023-05-01,9,340.7,434.9,103.2,23.3,1277.0,1673.0,0.08,1.2,113976.0
WL-023,Chevron,Loma Amarilla,2023-05-31,10,326.7,524.6,193.2,37.2,1606.0,1622.0,0.08,1.2,123777.0
WL-023,Chevron,Loma Amarilla,2023-06-30,11,313.9,665.5,238.6,43.2,2120.0,1574.0,0.08,1.2,133194.0
WL-023,Chevron,Loma Amarilla,2023-07-30,12,302.2,600.9,105.4,25.9,1988.0,1526.0,0.08,1.2,142260.0
WL-023,Chevron,Loma Amarilla,2023-08-29,13,291.4,509.1,214.1,42.4,1747.0,1481.0,0.08,1.2,151002.0
WL-023,Chevron,Loma Amarilla,2023-09-28,14,281.4,429.9,87.8,23.8,1528.0,1436.0,0.08,1.2,159444.0
WL-023,Chevron,Loma Amarilla,2023-10-28,15,272.2,353.5,75.1,21.6,1299.0,1393.0,0.08,1.2,167610.0
WL-023,Chevron,Loma Amarilla,2023-11-27,16,263.6,628.3,182.0,40.8,2384.0,1351.0,0.08,1.2,175518.0
WL-023,Chevron,Loma Amarilla,2023-12-27,17,255.5,518.3,202.7,44.2,2028.0,1311.0,0.08,1.2,183183.0
WL-023,Chevron,Loma Amarilla,2024-01-26,18,248.0,600.7,173.2,41.1,2422.0,1271.0,0.08,1.2,190623.0
WL-023,Chevron,Loma Amarilla,2024-02-25,19,241.0,577.7,136.4,36.1,2397.0,1233.0,0.08,1.2,197853.0
WL-023,Chevron,Loma Amarilla,2024-03-26,20,234.3,401.0,119.0,33.7,1711.0,1196.0,0.08,1.2,204882.0
WL-023,Chevron,Loma Amarilla,2024-04-25,21,228.1,385.7,99.5,30.4,1691.0,1160.0,0.08,1.2,211725.0
WL-023,Chevron,Loma Amarilla,2024-05-25,22,222.2,371.1,48.1,17.8,1670.0,1126.0,0.08,1.2,218391.0
WL-023,Chevron,Loma Amarilla,2024-06-24,23,216.7,512.1,104.0,32.4,2363.0,1092.0,0.08,1.2,224892.0
WL-023,Chevron,Loma Amarilla,2024-07-24,24,211.4,480.0,105.2,33.2,2270.0,1059.0,0.08,1.2,231234.0
WL-024,Chevron,Organico,2021-08-08,1,839.3,1498.1,635.2,43.1,1785.0,2134.0,0.06,1.2,25179.0
WL-024,Chevron,Organico,2021-09-07,2,795.0,1337.3,374.8,32.0,1682.0,2070.0,0.06,1.2,49029.0
WL-024,Chevron,Organico,2021-10-07,3,755.6,1176.1,392.9,34.2,1557.0,2008.0,0.06,1.2,71697.0
WL-024,Chevron,Organico,2021-11-06,4,720.2,1357.0,101.0,12.3,1884.0,1948.0,0.06,1.2,93303.0
WL-024,Chevron,Organico,2021-12-06,5,688.3,1427.8,234.4,25.4,2074.0,1889.0,0.06,1.2,113952.0
WL-024,Chevron,Organico,2022-01-05,6,659.3,910.1,182.0,21.6,1380.0,1833.0,0.06,1.2,133731.0
WL-024,Chevron,Organico,2022-02-04,7,632.9,1153.6,470.0,42.6,1823.0,1778.0,0.06,1.2,152718.0
WL-024,Chevron,Organico,2022-03-06,8,608.7,1083.0,105.9,14.8,1779.0,1724.0,0.06,1.2,170979.0
WL-024,Chevron,Organico,2022-04-05,9,586.5,764.9,60.8,9.4,1304.0,1673.0,0.06,1.2,188574.0
WL-024,Chevron,Organico,2022-05-05,10,566.0,1404.9,63.7,10.1,2482.0,1622.0,0.06,1.2,205554.0
WL-024,Chevron,Organico,2022-06-04,11,547.0,1022.5,151.5,21.7,1869.0,1574.0,0.06,1.2,221964.0
WL-024,Chevron,Organico,2022-07-04,12,529.3,917.5,159.5,23.2,1733.0,1526.0,0.06,1.2,237843.0
WL-024,Chevron,Organico,2022-08-03,13,512.8,781.4,407.4,44.3,1524.0,1481.0,0.06,1.2,253227.0
WL-024,Chevron,Organico,2022-09-02,14,497.5,762.0,336.0,40.3,1532.0,1436.0,0.06,1.2,268152.0
WL-024,Chevron,Organico,2022-10-02,15,483.1,1110.8,71.3,12.9,2299.0,1393.0,0.06,1.2,282645.0
WL-024,Chevron,Organico,2022-11-01,16,469.6,1025.8,226.9,32.6,2185.0,1351.0,0.06,1.2,296733.0
WL-024,Chevron,Organico,2022-12-01,17,456.9,661.7,87.6,16.1,1448.0,1311.0,0.06,1.2,310440.0
WL-024,Chevron,Organico,2022-12-31,18,444.9,938.8,89.9,16.8,2110.0,1271.0,0.06,1.2,323787.0
WL-024,Chevron,Organico,2023-01-30,19,433.6,755.3,255.5,37.1,1742.0,1233.0,0.06,1.2,336795.0
WL-024,Chevron,Organico,2023-03-01,20,422.9,866.3,265.5,38.6,2048.0,1196.0,0.06,1.2,349482.0
WL-024,Chevron,Organico,2023-03-31,21,412.8,997.8,147.3,26.3,2417.0,1160.0,0.06,1.2,361866.0
WL-024,Chevron,Organico,2023-04-30,22,403.2,803.1,123.8,23.5,1992.0,1126.0,0.06,1.2,373962.0
WL-024,Chevron,Organico,2023-05-30,23,394.0,755.3,63.4,13.9,1917.0,1092.0,0.06,1.2,385782.0
WL-024,Chevron,Organico,2023-06-29,24,385.4,701.8,133.3,25.7,1821.0,1059.0,0.06,1.2,397344.0
WL-025,TotalEnergies,Organico,2022-02-11,1,1068.4,2402.4,579.1,35.2,2249.0,2134.0,0.06,1.2,32052.0
WL-025,TotalEnergies,Organico,2022-03-13,2,1012.0,2191.1,638.9,38.7,2165.0,2070.0,0.06,1.2,62412.0
WL-025,TotalEnergies,Organico,2022-04-12,3,961.9,1330.0,314.5,24.6,1383.0,2008.0,0.06,1.2,91269.0
WL-025,TotalEnergies,Organico,2022-05-12,4,916.8,1397.2,418.1,31.3,1524.0,1948.0,0.06,1.2,118773.0
WL-025,TotalEnergies,Organico,2022-06-11,5,876.2,1605.7,158.7,15.3,1833.0,1889.0,0.06,1.2,145059.0
WL-025,TotalEnergies,Organico,2022-07-11,6,839.3,1292.6,114.5,12.0,1540.0,1833.0,0.06,1.2,170238.0
WL-025,TotalEnergies,Organico,2022-08-10,7,805.7,1891.1,605.7,42.9,2347.0,1778.0,0.06,1.2,194409.0
WL-025,TotalEnergies,Organico,2022-09-09,8,774.9,1444.3,349.8,31.1,1864.0,1724.0,0.06,1.2,217656.0
WL-025,TotalEnergies,Organico,2022-10-09,9,746.6,1750.2,524.4,41.3,2344.0,1673.0,0.06,1.2,240054.0
WL-025,TotalEnergies,Organico,2022-11-08,10,720.5,1518.0,558.8,43.7,2107.0,1622.0,0.06,1.2,261669.0
WL-025,TotalEnergies,Organico,2022-12-08,11,696.3,1480.5,313.1,31.0,2126.0,1574.0,0.06,1.2,282558.0
WL-025,TotalEnergies,Organico,2023-01-07,12,673.8,1220.1,280.7,29.4,1811.0,1526.0,0.06,1.2,302772.0
WL-025,TotalEnergies,Organico,2023-02-06,13,652.8,1281.5,146.3,18.3,1963.0,1481.0,0.06,1.2,322356.0
WL-025,TotalEnergies,Organico,2023-03-08,14,633.3,1252.4,346.8,35.4,1978.0,1436.0,0.06,1.2,341355.0
WL-025,TotalEnergies,Organico,2023-04-07,15,614.9,863.1,158.1,20.5,1404.0,1393.0,0.06,1.2,359802.0
WL-025,TotalEnergies,Organico,2023-05-07,16,597.7,1388.1,188.9,24.0,2322.0,1351.0,0.06,1.2,377733.0
WL-025,TotalEnergies,Organico,2023-06-06,17,581.6,1309.8,266.6,31.4,2252.0,1311.0,0.06,1.2,395181.0
WL-025,TotalEnergies,Organico,2023-07-06,18,566.3,881.6,267.8,32.1,1557.0,1271.0,0.06,1.2,412170.0
WL-025,TotalEnergies,Organico,2023-08-05,19,552.0,767.0,90.9,14.1,1390.0,1233.0,0.06,1.2,428730.0
WL-025,TotalEnergies,Organico,2023-09-04,20,538.3,671.7,303.2,36.0,1248.0,1196.0,0.06,1.2,444879.0
WL-025,TotalEnergies,Organico,2023-10-04,21,525.5,950.5,266.6,33.7,1809.0,1160.0,0.06,1.2,460644.0
WL-025,TotalEnergies,Organico,2023-11-03,22,513.2,939.3,221.1,30.1,1830.0,1126.0,0.06,1.2,476040.0
WL-025,TotalEnergies,Organico,2023-12-03,23,501.6,991.2,124.9,19.9,1976.0,1092.0,0.06,1.2,491088.0
WL-025,TotalEnergies,Organico,2024-01-02,24,490.6,914.8,283.1,36.6,1865.0,1059.0,0.06,1.2,505806.0
WL-026,YPF,La Cocina,2018-11-14,1,587.3,1084.8,342.5,36.8,1847.0,2134.0,0.12,1.2,17619.0
WL-026,YPF,La Cocina,2018-12-14,2,532.0,777.7,120.9,18.5,1462.0,2070.0,0.12,1.2,33579.0
WL-026,YPF,La Cocina,2019-01-13,3,487.1,706.0,224.4,31.5,1450.0,2008.0,0.12,1.2,48192.0
WL-026,YPF,La Cocina,2019-02-12,4,449.7,604.5,137.4,23.4,1344.0,1948.0,0.12,1.2,61683.0
WL-026,YPF,La Cocina,2019-03-14,5,418.1,506.3,291.3,41.1,1211.0,1889.0,0.12,1.2,74226.0
WL-026,YPF,La Cocina,2019-04-13,6,391.0,935.0,248.0,38.8,2391.0,1833.0,0.12,1.2,85956.0
WL-026,YPF,La Cocina,2019-05-13,7,367.5,638.0,191.8,34.3,1736.0,1778.0,0.12,1.2,96981.0
WL-026,YPF,La Cocina,2019-06-12,8,346.9,855.2,255.0,42.4,2465.0,1724.0,0.12,1.2,107388.0
WL-026,YPF,La Cocina,2019-07-12,9,328.6,695.1,236.4,41.8,2115.0,1673.0,0.12,1.2,117246.0
WL-026,YPF,La Cocina,2019-08-11,10,312.4,711.4,116.5,27.2,2277.0,1622.0,0.12,1.2,126618.0
WL-026,YPF,La Cocina,2019-09-10,11,297.8,566.8,164.1,35.5,1903.0,1574.0,0.12,1.2,135552.0
WL-026,YPF,La Cocina,2019-10-10,12,284.7,492.4,193.6,40.5,1730.0,1526.0,0.12,1.2,144093.0
WL-026,YPF,La Cocina,2019-11-09,13,272.7,566.2,198.1,42.1,2076.0,1481.0,0.12,1.2,152274.0
WL-026,YPF,La Cocina,2019-12-09,14,261.8,366.2,153.7,37.0,1399.0,1436.0,0.12,1.2,160128.0
WL-026,YPF,La Cocina,2020-01-08,15,251.8,322.3,184.1,42.2,1280.0,1393.0,0.12,1.2,167682.0
WL-026,YPF,La Cocina,2020-02-07,16,242.7,512.6,81.1,25.0,2112.0,1351.0,0.12,1.2,174963.0
WL-026,YPF,La Cocina,2020-03-08,17,234.2,442.5,134.5,36.5,1890.0,1311.0,0.12,1.2,181989.0
WL-026,YPF,La Cocina,2020-04-07,18,226.3,377.8,132.2,36.9,1669.0,1271.0,0.12,1.2,188778.0
WL-026,YPF,La Cocina,2020-05-07,19,219.0,526.4,78.3,26.3,2403.0,1233.0,0.12,1.2,195348.0
WL-026,YPF,La Cocina,2020-06-06,20,212.2,352.8,155.7,42.3,1662.0,1196.0,0.12,1.2,201714.0
WL-026,YPF,La Cocina,2020-07-06,21,205.9,427.7,143.8,41.1,2077.0,1160.0,0.12,1.2,207891.0
WL-026,YPF,La Cocina,2020-08-05,22,200.0,324.6,157.7,44.1,1623.0,1126.0,0.12,1.2,213891.0
WL-026,YPF,La Cocina,2020-09-04,23,194.4,258.0,130.3,40.1,1327.0,1092.0,0.12,1.2,219723.0
WL-026,YPF,La Cocina,2020-10-04,24,189.1,428.9,72.8,27.8,2268.0,1059.0,0.12,1.2,225396.0
WL-027,YPF,La Cocina,2022-04-20,1,514.3,672.1,70.8,12.1,1307.0,2134.0,0.12,1.2,15429.0
WL-027,YPF,La Cocina,2022-05-20,2,465.9,841.2,115.6,19.9,1805.0,2070.0,0.12,1.2,29406.0
WL-027,YPF,La Cocina,2022-06-19,3,426.5,805.0,323.9,43.2,1887.0,2008.0,0.12,1.2,42201.0
WL-027,YPF,La Cocina,2022-07-19,4,393.8,622.8,43.1,9.9,1581.0,1948.0,0.12,1.2,54015.0
WL-027,YPF,La Cocina,2022-08-18,5,366.1,686.8,268.2,42.3,1876.0,1889.0,0.12,1.2,64998.0
WL-027,YPF,La Cocina,2022-09-17,6,342.4,766.3,216.2,38.7,2238.0,1833.0,0.12,1.2,75270.0
WL-027,YPF,La Cocina,2022-10-17,7,321.8,412.4,105.4,24.7,1281.0,1778.0,0.12,1.2,84924.0
WL-027,YPF,La Cocina,2022-11-16,8,303.8,410.5,32.2,9.6,1351.0,1724.0,0.12,1.2,94038.0
WL-027,YPF,La Cocina,2022-12-16,9,287.8,521.7,54.3,15.9,1813.0,1673.0,0.12,1.2,102672.0
WL-027,YPF,La Cocina,2023-01-15,10,273.6,554.6,102.8,27.3,2027.0,1622.0,0.12,1.2,110880.0
WL-027,YPF,La Cocina,2023-02-14,11,260.8,601.5,139.9,34.9,2306.0,1574.0,0.12,1.2,118704.0
WL-027,YPF,La Cocina,2023-03-16,12,249.3,613.3,133.3,34.8,2460.0,1526.0,0.12,1.2,126183.0
WL-027,YPF,La Cocina,2023-04-15,13,238.8,488.6,62.8,20.8,2046.0,1481.0,0.12,1.2,133347.0
WL-027,YPF,La Cocina,2023-05-15,14,229.3,371.9,142.7,38.4,1622.0,1436.0,0.12,1.2,140226.0
WL-027,YPF,La Cocina,2023-06-14,15,220.6,409.8,64.1,22.5,1858.0,1393.0,0.12,1.2,146844.0
WL-027,YPF,La Cocina,2023-07-14,16,212.5,402.2,152.5,41.8,1893.0,1351.0,0.12,1.2,153219.0
WL-027,YPF,La Cocina,2023-08-13,17,205.1,409.5,95.1,31.7,1997.0,1311.0,0.12,1.2,159372.0
WL-027,YPF,La Cocina,2023-09-12,18,198.2,411.2,75.4,27.6,2075.0,1271.0,0.12,1.2,165318.0
WL-027,YPF,La Cocina,2023-10-12,19,191.8,470.0,103.4,35.0,2450.0,1233.0,0.12,1.2,171072.0
WL-027,YPF,La Cocina,2023-11-11,20,185.9,361.0,113.0,37.8,1942.0,1196.0,0.12,1.2,176649.0
WL-027,YPF,La Cocina,2023-12-11,21,180.3,413.0,121.7,40.3,2290.0,1160.0,0.12,1.2,182058.0
WL-027,YPF,La Cocina,2024-01-10,22,175.1,363.2,38.8,18.1,2074.0,1126.0,0.12,1.2,187311.0
WL-027,YPF,La Cocina,2024-02-09,23,170.2,358.1,20.2,10.6,2104.0,1092.0,0.12,1.2,192417.0
WL-027,YPF,La Cocina,2024-03-10,24,165.6,338.9,130.0,44.0,2046.0,1059.0,0.12,1.2,197385.0
WL-028,YPF,La Cocina,2023-01-26,1,626.8,1392.5,257.7,29.1,2222.0,2134.0,0.12,1.2,18804.0
WL-028,YPF,La Cocina,2023-02-25,2,567.9,819.3,168.7,22.9,1443.0,2070.0,0.12,1.2,35841.0
WL-028,YPF,La Cocina,2023-03-27,3,519.9,1047.7,252.0,32.6,2015.0,2008.0,0.12,1.2,51438.0
WL-028,YPF,La Cocina,2023-04-26,4,480.0,744.6,281.5,37.0,1551.0,1948.0,0.12,1.2,65838.0
WL-028,YPF,La Cocina,2023-05-26,5,446.2,770.3,278.1,38.4,1726.0,1889.0,0.12,1.2,79224.0
WL-028,YPF,La Cocina,2023-06-25,6,417.3,796.4,251.2,37.6,1908.0,1833.0,0.12,1.2,91743.0
WL-028,YPF,La Cocina,2023-07-25,7,392.2,827.1,75.1,16.1,2109.0,1778.0,0.12,1.2,103509.0
WL-028,YPF,La Cocina,2023-08-24,8,370.2,653.8,184.3,33.2,1766.0,1724.0,0.12,1.2,114615.0
WL-028,YPF,La Cocina,2023-09-23,9,350.8,689.8,75.7,17.8,1967.0,1673.0,0.12,1.2,125139.0
WL-028,YPF,La Cocina,2023-10-23,10,333.4,705.5,179.6,35.0,2116.0,1622.0,0.12,1.2,135141.0
WL-028,YPF,La Cocina,2023-11-22,11,317.9,752.4,232.3,42.2,2367.0,1574.0,0.12,1.2,144678.0
WL-028,YPF,La Cocina,2023-12-22,12,303.8,579.8,207.6,40.6,1908.0,1526.0,0.12,1.2,153792.0
WL-028,YPF,La Cocina,2024-01-21,13,291.1,682.2,78.1,21.2,2344.0,1481.0,0.12,1.2,162525.0
WL-028,YPF,La Cocina,2024-02-20,14,279.5,544.4,110.0,28.2,1948.0,1436.0,0.12,1.2,170910.0
WL-028,YPF,La Cocina,2024-03-21,15,268.8,592.9,196.2,42.2,2206.0,1393.0,0.12,1.2,178974.0
WL-028,YPF,La Cocina,2024-04-20,16,259.0,592.0,150.5,36.8,2286.0,1351.0,0.12,1.2,186744.0
WL-028,YPF,La Cocina,2024-05-20,17,250.0,528.8,69.5,21.8,2116.0,1311.0,0.12,1.2,194244.0
WL-028,YPF,La Cocina,2024-06-19,18,241.6,294.5,120.1,33.2,1219.0,1271.0,0.12,1.2,201492.0
WL-028,YPF,La Cocina,2024-07-19,19,233.8,306.2,167.9,41.8,1310.0,1233.0,0.12,1.2,208506.0
WL-028,YPF,La Cocina,2024-08-18,20,226.5,440.0,25.6,10.2,1942.0,1196.0,0.12,1.2,215301.0
WL-028,YPF,La Cocina,2024-09-17,21,219.8,282.5,110.8,33.5,1285.0,1160.0,0.12,1.2,221895.0
WL-028,YPF,La Cocina,2024-10-17,22,213.4,491.4,156.0,42.2,2303.0,1126.0,0.12,1.2,228297.0
WL-028,YPF,La Cocina,2024-11-16,23,207.5,391.2,161.0,43.7,1886.0,1092.0,0.12,1.2,234522.0
WL-028,YPF,La Cocina,2024-12-16,24,201.9,394.8,133.7,39.8,1956.0,1059.0,0.12,1.2,240579.0
WL-029,Repsol,Loma Amarilla,2022-07-18,1,705.4,1107.6,427.4,37.7,1570.0,2134.0,0.08,1.2,21162.0
WL-029,Repsol,Loma Amarilla,2022-08-17,2,657.7,1445.8,272.6,29.3,2198.0,2070.0,0.08,1.2,40893.0
WL-029,Repsol,Loma Amarilla,2022-09-16,3,616.6,975.7,252.1,29.0,1582.0,2008.0,0.08,1.2,59391.0
WL-029,Repsol,Loma Amarilla,2022-10-16,4,580.8,1362.7,196.0,25.2,2346.0,1948.0,0.08,1.2,76815.0
WL-029,Repsol,Loma Amarilla,2022-11-15,5,549.2,815.2,56.3,9.3,1484.0,1889.0,0.08,1.2,93291.0
WL-029,Repsol,Loma Amarilla,2022-12-15,6,521.2,647.5,307.4,37.1,1242.0,1833.0,0.08,1.2,108927.0
WL-029,Repsol,Loma Amarilla,2023-01-14,7,496.1,946.2,147.2,22.9,1907.0,1778.0,0.08,1.2,123810.0
WL-029,Repsol,Loma Amarilla,2023-02-13,8,473.6,945.8,315.2,40.0,1997.0,1724.0,0.08,1.2,138018.0
WL-029,Repsol,Loma Amarilla,2023-03-15,9,453.1,1110.6,244.8,35.1,2451.0,1673.0,0.08,1.2,151611.0
WL-029,Repsol,Loma Amarilla,2023-04-14,10,434.6,693.6,92.5,17.5,1596.0,1622.0,0.08,1.2,164649.0
WL-029,Repsol,Loma Amarilla,2023-05-14,11,417.6,516.8,167.1,28.6,1238.0,1574.0,0.08,1.2,177177.0
WL-029,Repsol,Loma Amarilla,2023-06-13,12,402.0,913.3,279.5,41.0,2272.0,1526.0,0.08,1.2,189237.0
WL-029,Repsol,Loma Amarilla,2023-07-13,13,387.6,798.5,174.7,31.1,2060.0,1481.0,0.08,1.2,200865.0
WL-029,Repsol,Loma Amarilla,2023-08-12,14,374.4,812.2,230.8,38.1,2169.0,1436.0,0.08,1.2,212097.0
WL-029,Repsol,Loma Amarilla,2023-09-11,15,362.1,756.8,94.1,20.6,2090.0,1393.0,0.08,1.2,222960.0
WL-029,Repsol,Loma Amarilla,2023-10-11,16,350.6,424.3,66.5,15.9,1210.0,1351.0,0.08,1.2,233478.0
WL-029,Repsol,Loma Amarilla,2023-11-10,17,339.9,622.2,232.9,40.7,1830.0,1311.0,0.08,1.2,243675.0
WL-029,Repsol,Loma Amarilla,2023-12-10,18,329.9,477.4,159.3,32.6,1447.0,1271.0,0.08,1.2,253572.0
WL-029,Repsol,Loma Amarilla,2024-01-09,19,320.5,547.7,204.0,38.9,1709.0,1233.0,0.08,1.2,263187.0
WL-029,Repsol,Loma Amarilla,2024-02-08,20,311.7,627.1,205.7,39.8,2012.0,1196.0,0.08,1.2,272538.0
WL-029,Repsol,Loma Amarilla,2024-03-09,21,303.4,387.1,127.2,29.5,1276.0,1160.0,0.08,1.2,281640.0
WL-029,Repsol,Loma Amarilla,2024-04-08,22,295.6,507.8,203.4,40.8,1718.0,1126.0,0.08,1.2,290508.0
WL-029,Repsol,Loma Amarilla,2024-05-08,23,288.2,714.2,220.0,43.3,2478.0,1092.0,0.08,1.2,299154.0
WL-029,Repsol,Loma Amarilla,2024-06-07,24,281.2,378.5,97.6,25.8,1346.0,1059.0,0.08,1.2,307590.0
WL-030,TotalEnergies,Organico,2021-01-21,1,1081.3,2611.2,179.6,14.2,2415.0,2134.0,0.06,1.2,32439.0
WL-030,TotalEnergies,Organico,2021-02-20,2,1024.3,1668.8,430.3,29.6,1629.0,2070.0,0.06,1.2,63168.0
WL-030,TotalEnergies,Organico,2021-03-22,3,973.5,1241.8,687.7,41.4,1276.0,2008.0,0.06,1.2,92373.0
WL-030,TotalEnergies,Organico,2021-04-21,4,927.9,1945.0,417.7,31.0,2096.0,1948.0,0.06,1.2,120210.0
WL-030,TotalEnergies,Organico,2021-05-21,5,886.8,1592.3,517.3,36.8,1796.0,1889.0,0.06,1.2,146814.0
WL-030,TotalEnergies,Organico,2021-06-20,6,849.5,1891.3,544.6,39.1,2226.0,1833.0,0.06,1.2,172299.0
WL-030,TotalEnergies,Organico,2021-07-20,7,815.5,2009.5,435.6,34.8,2464.0,1778.0,0.06,1.2,196764.0
WL-030,TotalEnergies,Organico,2021-08-19,8,784.3,1852.1,531.0,40.4,2361.0,1724.0,0.06,1.2,220293.0
WL-030,TotalEnergies,Organico,2021-09-18,9,755.6,1274.2,311.4,29.2,1686.0,1673.0,0.06,1.2,242961.0
WL-030,TotalEnergies,Organico,2021-10-18,10,729.2,1634.9,296.8,28.9,2242.0,1622.0,0.06,1.2,264837.0
WL-030,TotalEnergies,Organico,2021-11-17,11,704.7,1433.6,486.3,40.8,2034.0,1574.0,0.06,1.2,285978.0
WL-030,TotalEnergies,Organico,2021-12-17,12,681.9,1304.5,238.8,25.9,1913.0,1526.0,0.06,1.2,306435.0
WL-030,TotalEnergies,Organico,2022-01-16,13,660.7,1321.9,187.9,22.1,2001.0,1481.0,0.06,1.2,326256.0
WL-030,TotalEnergies,Organico,2022-02-15,14,640.9,1498.8,510.6,44.3,2339.0,1436.0,0.06,1.2,345483.0
WL-030,TotalEnergies,Organico,2022-03-17,15,622.4,1006.5,351.2,36.1,1617.0,1393.0,0.06,1.2,364155.0
WL-030,TotalEnergies,Organico,2022-04-16,16,605.0,1213.2,323.7,34.9,2005.0,1351.0,0.06,1.2,382305.0
WL-030,TotalEnergies,Organico,2022-05-16,17,588.6,986.5,382.4,39.4,1676.0,1311.0,0.06,1.2,399963.0
WL-030,TotalEnergies,Organico,2022-06-15,18,573.2,977.8,260.0,31.2,1706.0,1271.0,0.06,1.2,417159.0
WL-030,TotalEnergies,Organico,2022-07-15,19,558.6,789.7,263.8,32.1,1414.0,1233.0,0.06,1.2,433917.0
WL-030,TotalEnergies,Organico,2022-08-14,20,544.9,1338.1,363.0,40.0,2456.0,1196.0,0.06,1.2,450264.0
WL-030,TotalEnergies,Organico,2022-09-13,21,531.8,1266.4,418.2,44.0,2381.0,1160.0,0.06,1.2,466218.0
WL-030,TotalEnergies,Organico,2022-10-13,22,519.4,715.1,274.7,34.6,1377.0,1126.0,0.06,1.2,481800.0
WL-030,TotalEnergies,Organico,2022-11-12,23,507.7,1114.9,279.9,35.5,2196.0,1092.0,0.06,1.2,497031.0
WL-030,TotalEnergies,Organico,2022-12-12,24,496.5,776.7,74.1,13.0,1564.0,1059.0,0.06,1.2,511926.0
WL-031,TotalEnergies,Loma Amarilla,2019-07-10,1,554.7,948.0,102.5,15.6,1709.0,2134.0,0.08,1.2,16641.0
WL-031,TotalEnergies,Loma Amarilla,2019-08-09,2,517.2,823.6,387.0,42.8,1593.0,2070.0,0.08,1.2,32157.0
WL-031,TotalEnergies,Loma Amarilla,2019-09-08,3,484.8,1207.1,179.1,27.0,2490.0,2008.0,0.08,1.2,46701.0
WL-031,TotalEnergies,Loma Amarilla,2019-10-08,4,456.7,554.0,224.3,32.9,1213.0,1948.0,0.08,1.2,60402.0
WL-031,TotalEnergies,Loma Amarilla,2019-11-07,5,431.8,611.3,302.2,41.2,1416.0,1889.0,0.08,1.2,73356.0
WL-031,TotalEnergies,Loma Amarilla,2019-12-07,6,409.8,516.4,102.0,19.9,1260.0,1833.0,0.08,1.2,85650.0
WL-031,TotalEnergies,Loma Amarilla,2020-01-06,7,390.1,797.6,189.4,32.7,2045.0,1778.0,0.08,1.2,97353.0
WL-031,TotalEnergies,Loma Amarilla,2020-02-05,8,372.4,847.6,153.9,29.2,2276.0,1724.0,0.08,1.2,108525.0
WL-031,TotalEnergies,Loma Amarilla,2020-03-06,9,356.3,715.2,109.3,23.5,2007.0,1673.0,0.08,1.2,119214.0
WL-031,TotalEnergies,Loma Amarilla,2020-04-05,10,341.7,604.6,166.4,32.7,1769.0,1622.0,0.08,1.2,129465.0
WL-031,TotalEnergies,Loma Amarilla,2020-05-05,11,328.4,400.6,128.5,28.1,1220.0,1574.0,0.08,1.2,139317.0
WL-031,TotalEnergies,Loma Amarilla,2020-06-04,12,316.1,663.4,220.9,41.1,2099.0,1526.0,0.08,1.2,148800.0
WL-031,TotalEnergies,Loma Amarilla,2020-07-04,13,304.8,721.0,156.4,33.9,2365.0,1481.0,0.08,1.2,157944.0
WL-031,TotalEnergies,Loma Amarilla,2020-08-03,14,294.4,391.1,203.0,40.8,1329.0,1436.0,0.08,1.2,166776.0
WL-031,TotalEnergies,Loma Amarilla,2020-09-02,15,284.7,431.0,175.1,38.1,1514.0,1393.0,0.08,1.2,175317.0
WL-031,TotalEnergies,Loma Amarilla,2020-10-02,16,275.7,482.7,173.2,38.6,1751.0,1351.0,0.08,1.2,183588.0
WL-031,TotalEnergies,Loma Amarilla,2020-11-01,17,267.3,601.1,38.2,12.5,2249.0,1311.0,0.08,1.2,191607.0
WL-031,TotalEnergies,Loma Amarilla,2020-12-01,18,259.4,607.3,155.6,37.5,2341.0,1271.0,0.08,1.2,199389.0
WL-031,TotalEnergies,Loma Amarilla,2020-12-31,19,252.0,619.0,186.4,42.5,2456.0,1233.0,0.08,1.2,206949.0
WL-031,TotalEnergies,Loma Amarilla,2021-01-30,20,245.1,316.3,158.5,39.3,1290.0,1196.0,0.08,1.2,214302.0
WL-031,TotalEnergies,Loma Amarilla,2021-03-01,21,238.6,330.4,109.7,31.5,1385.0,1160.0,0.08,1.2,221460.0
WL-031,TotalEnergies,Loma Amarilla,2021-03-31,22,232.5,519.8,34.4,12.9,2236.0,1126.0,0.08,1.2,228435.0
WL-031,TotalEnergies,Loma Amarilla,2021-04-30,23,226.6,468.8,158.6,41.2,2068.0,1092.0,0.08,1.2,235233.0
WL-031,TotalEnergies,Loma Amarilla,2021-05-30,24,221.1,464.6,23.1,9.5,2101.0,1059.0,0.08,1.2,241866.0
WL-032,TotalEnergies,La Cocina,2022-10-06,1,513.2,799.6,383.9,42.8,1558.0,2134.0,0.12,1.2,15396.0
WL-032,TotalEnergies,La Cocina,2022-11-05,2,465.0,933.5,323.2,41.0,2008.0,2070.0,0.12,1.2,29346.0
WL-032,TotalEnergies,La Cocina,2022-12-05,3,425.7,1053.6,267.7,38.6,2475.0,2008.0,0.12,1.2,42117.0
WL-032,TotalEnergies,La Cocina,2023-01-04,4,393.0,573.2,44.5,10.2,1459.0,1948.0,0.12,1.2,53907.0
WL-032,TotalEnergies,La Cocina,2023-02-03,5,365.4,910.0,109.0,23.0,2491.0,1889.0,0.12,1.2,64869.0
WL-032,TotalEnergies,La Cocina,2023-03-05,6,341.7,772.6,69.6,16.9,2261.0,1833.0,0.12,1.2,75120.0
WL-032,TotalEnergies,La Cocina,2023-04-04,7,321.1,533.2,122.9,27.7,1660.0,1778.0,0.12,1.2,84753.0
WL-032,TotalEnergies,La Cocina,2023-05-04,8,303.1,623.3,187.3,38.2,2056.0,1724.0,0.12,1.2,93846.0
WL-032,TotalEnergies,La Cocina,2023-06-03,9,287.2,645.5,207.6,42.0,2247.0,1673.0,0.12,1.2,102462.0
WL-032,TotalEnergies,La Cocina,2023-07-03,10,273.0,480.3,193.6,41.5,1759.0,1622.0,0.12,1.2,110652.0
WL-032,TotalEnergies,La Cocina,2023-08-02,11,260.3,320.9,85.9,24.8,1233.0,1574.0,0.12,1.2,118461.0
WL-032,TotalEnergies,La Cocina,2023-09-01,12,248.8,369.6,105.8,29.8,1486.0,1526.0,0.12,1.2,125925.0
WL-032,TotalEnergies,La Cocina,2023-10-01,13,238.3,446.8,187.2,44.0,1875.0,1481.0,0.12,1.2,133074.0
WL-032,TotalEnergies,La Cocina,2023-10-31,14,228.8,433.6,81.1,26.2,1895.0,1436.0,0.12,1.2,139938.0
WL-032,TotalEnergies,La Cocina,2023-11-30,15,220.1,488.7,27.5,11.1,2220.0,1393.0,0.12,1.2,146541.0
WL-032,TotalEnergies,La Cocina,2023-12-30,16,212.1,398.9,84.5,28.5,1881.0,1351.0,0.12,1.2,152904.0
WL-032,TotalEnergies,La Cocina,2024-01-29,17,204.7,273.1,48.8,19.3,1334.0,1311.0,0.12,1.2,159045.0
WL-032,TotalEnergies,La Cocina,2024-02-28,18,197.8,302.4,54.6,21.6,1529.0,1271.0,0.12,1.2,164979.0
WL-032,TotalEnergies,La Cocina,2024-03-29,19,191.4,377.4,129.7,40.4,1972.0,1233.0,0.12,1.2,170721.0
WL-032,TotalEnergies,La Cocina,2024-04-28,20,185.5,349.2,129.0,41.0,1883.0,1196.0,0.12,1.2,176286.0
WL-032,TotalEnergies,La Cocina,2024-05-28,21,179.9,342.5,42.4,19.1,1903.0,1160.0,0.12,1.2,181683.0
WL-032,TotalEnergies,La Cocina,2024-06-27,22,174.7,408.1,34.5,16.5,2335.0,1126.0,0.12,1.2,186924.0
WL-032,TotalEnergies,La Cocina,2024-07-27,23,169.9,253.3,69.1,28.9,1491.0,1092.0,0.12,1.2,192021.0
WL-032,TotalEnergies,La Cocina,2024-08-26,24,165.3,384.9,120.6,42.2,2329.0,1059.0,0.12,1.2,196980.0
WL-035,Petrobras,Loma Amarilla,2020-08-30,1,702.1,1120.2,351.7,33.4,1596.0,2134.0,0.08,1.2,21063.0
WL-035,Petrobras,Loma Amarilla,2020-09-29,2,654.6,822.5,349.6,34.8,1256.0,2070.0,0.08,1.2,40701.0
WL-035,Petrobras,Loma Amarilla,2020-10-29,3,613.7,817.1,300.5,32.9,1331.0,2008.0,0.08,1.2,59112.0
WL-035,Petrobras,Loma Amarilla,2020-11-28,4,578.0,1063.5,358.3,38.3,1840.0,1948.0,0.08,1.2,76452.0
WL-035,Petrobras,Loma Amarilla,2020-12-28,5,546.6,1160.5,86.8,13.7,2123.0,1889.0,0.08,1.2,92850.0
WL-035,Petrobras,Loma Amarilla,2021-01-27,6,518.7,1214.6,326.9,38.7,2342.0,1833.0,0.08,1.2,108411.0
WL-035,Petrobras,Loma Amarilla,2021-02-26,7,493.8,868.4,362.4,42.3,1759.0,1778.0,0.08,1.2,123225.0
WL-035,Petrobras,Loma Amarilla,2021-03-28,8,471.3,787.9,328.7,41.1,1672.0,1724.0,0.08,1.2,137364.0
WL-035,Petrobras,Loma Amarilla,2021-04-27,9,451.0,841.0,194.8,30.2,1865.0,1673.0,0.08,1.2,150894.0
WL-035,Petrobras,Loma Amarilla,2021-05-27,10,432.5,1078.5,87.6,16.8,2493.0,1622.0,0.08,1.2,163869.0
WL-035,Petrobras,Loma Amarilla,2021-06-26,11,415.6,601.8,193.3,31.7,1448.0,1574.0,0.08,1.2,176337.0
WL-035,Petrobras,Loma Amarilla,2021-07-26,12,400.1,863.0,211.2,34.5,2157.0,1526.0,0.08,1.2,188340.0
WL-035,Petrobras,Loma Amarilla,2021-08-25,13,385.8,850.0,102.5,21.0,2203.0,1481.0,0.08,1.2,199914.0
WL-035,Petrobras,Loma Amarilla,2021-09-24,14,372.6,735.2,168.4,31.1,1973.0,1436.0,0.08,1.2,211092.0
WL-035,Petrobras,Loma Amarilla,2021-10-24,15,360.4,784.4,178.0,33.1,2177.0,1393.0,0.08,1.2,221904.0
WL-035,Petrobras,Loma Amarilla,2021-11-23,16,349.0,579.6,119.5,25.5,1661.0,1351.0,0.08,1.2,232374.0
WL-035,Petrobras,Loma Amarilla,2021-12-23,17,338.3,598.1,207.8,38.1,1768.0,1311.0,0.08,1.2,242523.0
WL-035,Petrobras,Loma Amarilla,2022-01-22,18,328.4,557.8,129.7,28.3,1699.0,1271.0,0.08,1.2,252375.0
WL-035,Petrobras,Loma Amarilla,2022-02-21,19,319.0,479.5,162.0,33.7,1503.0,1233.0,0.08,1.2,261945.0
WL-035,Petrobras,Loma Amarilla,2022-03-23,20,310.3,580.7,126.2,28.9,1872.0,1196.0,0.08,1.2,271254.0
WL-035,Petrobras,Loma Amarilla,2022-04-22,21,302.0,529.0,39.5,11.6,1752.0,1160.0,0.08,1.2,280314.0
WL-035,Petrobras,Loma Amarilla,2022-05-22,22,294.2,546.6,58.7,16.6,1858.0,1126.0,0.08,1.2,289140.0
WL-035,Petrobras,Loma Amarilla,2022-06-21,23,286.9,465.0,204.2,41.6,1621.0,1092.0,0.08,1.2,297747.0
WL-035,Petrobras,Loma Amarilla,2022-07-21,24,279.9,651.7,149.5,34.8,2328.0,1059.0,0.08,1.2,306144.0
WL-036,YPF,La Cocina,2018-08-17,1,604.0,887.8,66.6,9.9,1470.0,2134.0,0.12,1.2,18120.0
WL-036,YPF,La Cocina,2018-09-16,2,547.1,972.0,305.7,35.8,1777.0,2070.0,0.12,1.2,34533.0
WL-036,YPF,La Cocina,2018-10-16,3,500.9,804.4,71.0,12.4,1606.0,2008.0,0.12,1.2,49560.0
WL-036,YPF,La Cocina,2018-11-15,4,462.4,779.7,112.6,19.6,1686.0,1948.0,0.12,1.2,63432.0
WL-036,YPF,La Cocina,2018-12-15,5,430.0,632.4,339.5,44.1,1471.0,1889.0,0.12,1.2,76332.0
WL-036,YPF,La Cocina,2019-01-14,6,402.1,879.5,167.1,29.4,2187.0,1833.0,0.12,1.2,88395.0
WL-036,YPF,La Cocina,2019-02-13,7,377.9,480.5,49.8,11.6,1271.0,1778.0,0.12,1.2,99732.0
WL-036,YPF,La Cocina,2019-03-15,8,356.7,436.0,42.8,10.7,1222.0,1724.0,0.12,1.2,110433.0
WL-036,YPF,La Cocina,2019-04-14,9,338.0,609.8,172.6,33.8,1804.0,1673.0,0.12,1.2,120573.0
WL-036,YPF,La Cocina,2019-05-14,10,321.3,634.2,80.6,20.1,1974.0,1622.0,0.12,1.2,130212.0
WL-036,YPF,La Cocina,2019-06-13,11,306.3,542.0,35.4,10.4,1770.0,1574.0,0.12,1.2,139401.0
WL-036,YPF,La Cocina,2019-07-13,12,292.7,538.9,86.4,22.8,1841.0,1526.0,0.12,1.2,148182.0
WL-036,YPF,La Cocina,2019-08-12,13,280.5,413.2,81.8,22.6,1473.0,1481.0,0.12,1.2,156597.0
WL-036,YPF,La Cocina,2019-09-11,14,269.3,421.0,207.7,43.5,1564.0,1436.0,0.12,1.2,164676.0
WL-036,YPF,La Cocina,2019-10-11,15,259.0,446.7,172.1,39.9,1725.0,1393.0,0.12,1.2,172446.0
WL-036,YPF,La Cocina,2019-11-10,16,249.6,355.4,84.2,25.2,1424.0,1351.0,0.12,1.2,179934.0
WL-036,YPF,La Cocina,2019-12-10,17,240.8,315.5,142.1,37.1,1310.0,1311.0,0.12,1.2,187158.0
WL-036,YPF,La Cocina,2020-01-09,18,232.8,431.0,66.3,22.2,1852.0,1271.0,0.12,1.2,194142.0
WL-036,YPF,La Cocina,2020-02-08,19,225.3,384.9,101.5,31.1,1709.0,1233.0,0.12,1.2,200901.0
WL-036,YPF,La Cocina,2020-03-09,20,218.3,389.2,100.7,31.6,1783.0,1196.0,0.12,1.2,207450.0
WL-036,YPF,La Cocina,2020-04-08,21,211.7,274.0,64.1,23.2,1294.0,1160.0,0.12,1.2,213801.0
WL-036,YPF,La Cocina,2020-05-08,22,205.6,447.4,122.2,37.3,2176.0,1126.0,0.12,1.2,219969.0
WL-036,YPF,La Cocina,2020-06-07,23,199.9,289.5,22.8,10.2,1448.0,1092.0,0.12,1.2,225966.0
WL-036,YPF,La Cocina,2020-07-07,24,194.5,332.1,120.2,38.2,1708.0,1059.0,0.12,1.2,231801.0
WL-037,TotalEnergies,La Cocina,2018-03-20,1,677.7,1226.9,306.1,31.1,1810.0,2134.0,0.12,1.2,20331.0
WL-037,TotalEnergies,La Cocina,2018-04-19,2,613.9,1012.4,61.6,9.1,1649.0,2070.0,0.12,1.2,38748.0
WL-037,TotalEnergies,La Cocina,2018-05-19,3,562.0,1246.3,200.9,26.3,2217.0,2008.0,0.12,1.2,55608.0
WL-037,TotalEnergies,La Cocina,2018-06-18,4,518.9,849.1,356.3,40.7,1636.0,1948.0,0.12,1.2,71175.0
WL-037,TotalEnergies,La Cocina,2018-07-18,5,482.5,782.2,356.8,42.5,1621.0,1889.0,0.12,1.2,85650.0
WL-037,TotalEnergies,La Cocina,2018-08-17,6,451.2,825.4,196.5,30.3,1829.0,1833.0,0.12,1.2,99186.0
WL-037,TotalEnergies,La Cocina,2018-09-16,7,424.1,796.8,79.6,15.8,1879.0,1778.0,0.12,1.2,111909.0
WL-037,TotalEnergies,La Cocina,2018-10-16,8,400.3,669.7,228.8,36.4,1673.0,1724.0,0.12,1.2,123918.0
WL-037,TotalEnergies,La Cocina,2018-11-15,9,379.2,754.5,75.1,16.5,1989.0,1673.0,0.12,1.2,135294.0
WL-037,TotalEnergies,La Cocina,2018-12-15,10,360.5,807.6,280.8,43.8,2240.0,1622.0,0.12,1.2,146109.0
WL-037,TotalEnergies,La Cocina,2019-01-14,11,343.7,615.1,101.1,22.7,1790.0,1574.0,0.12,1.2,156420.0
WL-037,TotalEnergies,La Cocina,2019-02-13,12,328.5,465.8,239.2,42.1,1418.0,1526.0,0.12,1.2,166275.0
WL-037,TotalEnergies,La Cocina,2019-03-15,13,314.7,777.2,104.4,24.9,2470.0,1481.0,0.12,1.2,175716.0
WL-037,TotalEnergies,La Cocina,2019-04-14,14,302.1,670.1,167.3,35.6,2218.0,1436.0,0.12,1.2,184779.0
WL-037,TotalEnergies,La Cocina,2019-05-14,15,290.6,352.8,158.3,35.3,1214.0,1393.0,0.12,1.2,193497.0
WL-037,TotalEnergies,La Cocina,2019-06-13,16,280.0,369.2,219.8,44.0,1318.0,1351.0,0.12,1.2,201897.0
WL-037,TotalEnergies,La Cocina,2019-07-13,17,270.2,637.0,184.2,40.5,2357.0,1311.0,0.12,1.2,210003.0
WL-037,TotalEnergies,La Cocina,2019-08-12,18,261.2,521.6,52.1,16.6,1997.0,1271.0,0.12,1.2,217839.0
WL-037,TotalEnergies,La Cocina,2019-09-11,19,252.8,498.3,123.1,32.8,1971.0,1233.0,0.12,1.2,225423.0
WL-037,TotalEnergies,La Cocina,2019-10-11,20,244.9,558.9,102.6,29.5,2282.0,1196.0,0.12,1.2,232770.0
WL-037,TotalEnergies,La Cocina,2019-11-10,21,237.6,354.8,70.2,22.8,1493.0,1160.0,0.12,1.2,239898.0
WL-037,TotalEnergies,La Cocina,2019-12-10,22,230.7,394.1,46.8,16.9,1708.0,1126.0,0.12,1.2,246819.0
WL-037,TotalEnergies,La Cocina,2020-01-09,23,224.3,407.1,140.3,38.5,1815.0,1092.0,0.12,1.2,253548.0
WL-037,TotalEnergies,La Cocina,2020-02-08,24,218.2,300.1,26.1,10.7,1375.0,1059.0,0.12,1.2,260094.0
WL-038,YPF,La Cocina,2023-01-12,1,520.0,1245.4,395.8,43.2,2395.0,2134.0,0.12,1.2,15600.0
WL-038,YPF,La Cocina,2023-02-11,2,471.1,933.4,298.6,38.8,1981.0,2070.0,0.12,1.2,29733.0
WL-038,YPF,La Cocina,2023-03-13,3,431.3,922.2,155.2,26.5,2138.0,2008.0,0.12,1.2,42672.0
WL-038,YPF,La Cocina,2023-04-12,4,398.2,550.5,133.3,25.1,1382.0,1948.0,0.12,1.2,54618.0
WL-038,YPF,La Cocina,2023-05-12,5,370.2,449.7,120.6,24.6,1215.0,1889.0,0.12,1.2,65724.0
WL-038,YPF,La Cocina,2023-06-11,6,346.2,455.5,87.4,20.2,1316.0,1833.0,0.12,1.2,76110.0
WL-038,YPF,La Cocina,2023-07-11,7,325.4,779.3,224.1,40.8,2395.0,1778.0,0.12,1.2,85872.0
WL-038,YPF,La Cocina,2023-08-10,8,307.2,507.4,47.2,13.3,1652.0,1724.0,0.12,1.2,95088.0
WL-038,YPF,La Cocina,2023-09-09,9,291.0,495.9,59.0,16.9,1704.0,1673.0,0.12,1.2,103818.0
WL-038,YPF,La Cocina,2023-10-09,10,276.6,364.5,39.6,12.5,1318.0,1622.0,0.12,1.2,112116.0
WL-038,YPF,La Cocina,2023-11-08,11,263.7,404.1,154.5,36.9,1532.0,1574.0,0.12,1.2,120027.0
WL-038,YPF,La Cocina,2023-12-08,12,252.1,504.2,101.3,28.7,2000.0,1526.0,0.12,1.2,127590.0
WL-038,YPF,La Cocina,2024-01-07,13,241.5,498.5,31.5,11.5,2064.0,1481.0,0.12,1.2,134835.0
WL-038,YPF,La Cocina,2024-02-06,14,231.8,579.5,180.2,43.7,2499.0,1436.0,0.12,1.2,141789.0
WL-038,YPF,La Cocina,2024-03-07,15,223.0,337.8,160.1,41.8,1515.0,1393.0,0.12,1.2,148479.0
WL-038,YPF,La Cocina,2024-04-06,16,214.9,452.0,66.9,23.7,2104.0,1351.0,0.12,1.2,154926.0
WL-038,YPF,La Cocina,2024-05-06,17,207.4,491.9,112.6,35.2,2372.0,1311.0,0.12,1.2,161148.0
WL-038,YPF,La Cocina,2024-06-05,18,200.4,294.1,34.4,14.6,1467.0,1271.0,0.12,1.2,167160.0
WL-038,YPF,La Cocina,2024-07-05,19,194.0,440.6,106.1,35.4,2272.0,1233.0,0.12,1.2,172980.0
WL-038,YPF,La Cocina,2024-08-04,20,187.9,247.0,63.0,25.1,1314.0,1196.0,0.12,1.2,178617.0
WL-038,YPF,La Cocina,2024-09-03,21,182.3,311.4,26.3,12.6,1708.0,1160.0,0.12,1.2,184086.0
WL-038,YPF,La Cocina,2024-10-03,22,177.1,299.5,121.7,40.7,1692.0,1126.0,0.12,1.2,189399.0
WL-038,YPF,La Cocina,2024-11-02,23,172.1,245.3,116.7,40.4,1425.0,1092.0,0.12,1.2,194562.0
WL-038,YPF,La Cocina,2024-12-02,24,167.5,233.7,130.9,43.9,1395.0,1059.0,0.12,1.2,199587.0
WL-040,Chevron,Loma Amarilla,2022-09-16,1,461.8,680.6,121.5,20.8,1474.0,2134.0,0.08,1.2,13854.0
WL-040,Chevron,Loma Amarilla,2022-10-16,2,430.6,601.7,293.3,40.5,1397.0,2070.0,0.08,1.2,26772.0
WL-040,Chevron,Loma Amarilla,2022-11-15,3,403.6,698.4,197.4,32.8,1730.0,2008.0,0.08,1.2,38880.0
WL-040,Chevron,Loma Amarilla,2022-12-15,4,380.2,824.7,104.1,21.5,2169.0,1948.0,0.08,1.2,50286.0
WL-040,Chevron,Loma Amarilla,2023-01-14,5,359.5,884.1,275.7,43.4,2459.0,1889.0,0.08,1.2,61071.0
WL-040,Chevron,Loma Amarilla,2023-02-13,6,341.2,626.7,38.5,10.1,1837.0,1833.0,0.08,1.2,71307.0
WL-040,Chevron,Loma Amarilla,2023-03-15,7,324.8,751.8,124.5,27.7,2315.0,1778.0,0.08,1.2,81051.0
WL-040,Chevron,Loma Amarilla,2023-04-14,8,310.0,622.9,95.1,23.5,2009.0,1724.0,0.08,1.2,90351.0
WL-040,Chevron,Loma Amarilla,2023-05-14,9,296.6,714.4,113.9,27.7,2408.0,1673.0,0.08,1.2,99249.0
WL-040,Chevron,Loma Amarilla,2023-06-13,10,284.5,551.2,77.4,21.4,1938.0,1622.0,0.08,1.2,107784.0
WL-040,Chevron,Loma Amarilla,2023-07-13,11,273.4,408.3,34.7,11.3,1494.0,1574.0,0.08,1.2,115986.0
WL-040,Chevron,Loma Amarilla,2023-08-12,12,263.2,514.6,179.1,40.5,1955.0,1526.0,0.08,1.2,123882.0
WL-040,Chevron,Loma Amarilla,2023-09-11,13,253.8,559.6,193.6,43.3,2205.0,1481.0,0.08,1.2,131496.0
WL-040,Chevron,Loma Amarilla,2023-10-11,14,245.1,528.7,140.0,36.4,2157.0,1436.0,0.08,1.2,138849.0
WL-040,Chevron,Loma Amarilla,2023-11-10,15,237.0,514.0,108.6,31.4,2169.0,1393.0,0.08,1.2,145959.0
WL-040,Chevron,Loma Amarilla,2023-12-10,16,229.5,415.4,126.4,35.5,1810.0,1351.0,0.08,1.2,152844.0
WL-040,Chevron,Loma Amarilla,2024-01-09,17,222.5,504.5,44.9,16.8,2267.0,1311.0,0.08,1.2,159519.0
WL-040,Chevron,Loma Amarilla,2024-02-08,18,216.0,264.2,79.1,26.8,1223.0,1271.0,0.08,1.2,165999.0
WL-040,Chevron,Loma Amarilla,2024-03-09,19,209.8,366.5,135.8,39.3,1747.0,1233.0,0.08,1.2,172293.0
WL-040,Chevron,Loma Amarilla,2024-04-08,20,204.1,472.0,122.0,37.4,2313.0,1196.0,0.08,1.2,178416.0
WL-040,Chevron,Loma Amarilla,2024-05-08,21,198.6,252.7,102.5,34.0,1272.0,1160.0,0.08,1.2,184374.0
WL-040,Chevron,Loma Amarilla,2024-06-07,22,193.5,397.2,29.3,13.1,2052.0,1126.0,0.08,1.2,190179.0
WL-040,Chevron,Loma Amarilla,2024-07-07,23,188.7,244.2,21.2,10.1,1294.0,1092.0,0.08,1.2,195840.0
WL-040,Chevron,Loma Amarilla,2024-08-06,24,184.1,279.6,82.3,30.9,1519.0,1059.0,0.08,1.2,201363.0
